run_date,row_index,source_asset_id,capture_date,captured_at,photo_url,classification_label,pot_id,packet_number,variety_name,species_common_name,labeling_method,confidence,lifecycle_stage,potting_date,day_one_photo_date,day_since_potting,experiment_day,mapping_status,mapping_note
2026-02-27,27,AF1QipNkNoPwuiEal7zLlF1luNvKjGdOMuwLzCIZ1XYC,2026-02-27,2026-02-27T15:59:35.072000-08:00,https://lh3.googleusercontent.com/pw/AP1GczMspnDV4yy6NgNlxgybeEO1gNnv5SvZ2YwRQhAQtnzq-ypeUErNXJLVb9s3JXaBBrv_cEPeLH2o_BhgYx3culTiJ0u5eaoEgZ_TMeZWDujH1pXblORm,tomato,1T,7,Sunset's Red Horizon,Sunset's Red Horizon,ocr_unresolved|manual_series_map,0.4,sapling,2026-02-24,2026-02-25,3,3,ok,
2026-02-27,28,AF1QipM8_VNjFYM6p6XZxnmZbDEe2Jta-agf8uMv3HRX,2026-02-27,2026-02-27T16:00:32.131000-08:00,https://lh3.googleusercontent.com/pw/AP1GczMqxFz88jhevGGborYJjQn9TO37YSA1Yn_J6HhEnA7NfJnqdmp4HbyOINvkrwhVJBC8fQzPOxKa3EPgEBRx_n1wIr965ExCbBvtInDrH6ZcM3IH4src,tomato,2T,4,Taxi,Taxi,ocr_unresolved|manual_series_map,0.4,sapling,2026-02-24,2026-02-25,3,3,ok,
2026-02-27,29,AF1QipPs5VaxkM25iMl5SmV5FGCnaaoIuO2T0AlKaJDc,2026-02-27,2026-02-27T16:01:50.309000-08:00,https://lh3.googleusercontent.com/pw/AP1GczPj0LcfwL6u4FKikzzERHKEe2r4Aeemp8WSIukvKcEf77d7hhQBdT0VP-v1hjS0lfh6aCaTSRYBeAhc2N3PyXOtMzyI70LJCqjK3VPZZFtkNvZGYiz3,tomato,3T,7,Sunset's Red Horizon,Sunset's Red Horizon,ocr_unresolved|manual_series_map,0.4,sapling,2026-02-24,2026-02-25,3,3,ok,
2026-02-27,30,AF1QipMxykxrPSUc6w0Sfi5syejDGOKOoZpIr4sDFLm2,2026-02-27,2026-02-27T16:02:39.714000-08:00,https://lh3.googleusercontent.com/pw/AP1GczPDMVWYjdcJEfLfSyLldRqqFEgaOiY2ANB8hldouIAqy_J-08omhsCvbq-b6Z-f2UD1--DRwai0f-szHUGpg2cstd6r9hNxgkscxEHrxjWsk-nZo2On,tomato,4T,1,San Francisco Fog,San Francisco Fog,ocr_unresolved|manual_series_map,0.4,sapling,2026-02-24,2026-02-25,3,3,ok,ocr_confirms_pot_number; series_from_manual_pot_override
2026-02-27,31,AF1QipMuRYdh97xeszs34rqMRR0sncEgNU-1RSBC0iz8,2026-02-27,2026-02-27T16:03:44.928000-08:00,https://lh3.googleusercontent.com/pw/AP1GczNO50WfF518Cy03IelfloUktfgNH7c_lk_FHQpPhq3k6-gEccPSkxFJq7AYO5DeiRVHDetXn4CCyppiyDNxQqt1nsn6fQJIpEZxR00BIV2MXusD8Vf_,tomato,5T,1,San Francisco Fog,San Francisco Fog,ocr_unresolved|manual_series_map,0.4,sapling,2026-02-24,2026-02-25,3,3,ok,ocr_confirms_pot_number; series_from_manual_pot_override
2026-02-27,32,AF1QipOh2iMlMQ7BT_GI2stqUxDG0ASkO8q7N_Gzp1mw,2026-02-27,2026-02-27T16:04:40.125000-08:00,https://lh3.googleusercontent.com/pw/AP1GczNexmoMldYiO-5ZxWlBQbDqpzm-TOlMjIVYfehr9l4uNw_6RHB4TeszoGreTKYDV90_Plfn4MWhxVnahcR0U82-9_r5NlrYLO2hTxKzRPeYP69bG0B_,tomato,6T,1,San Francisco Fog,San Francisco Fog,ocr_unresolved|manual_series_map,0.4,sapling,2026-02-24,2026-02-25,3,3,ok,series_from_manual_pot_override
2026-02-27,33,AF1QipMOrNyIbBFmWPB1l0MKNFxFAkvt1kqdtsz1vNRj,2026-02-27,2026-02-27T16:07:00.567000-08:00,https://lh3.googleusercontent.com/pw/AP1GczNpueT12SXMsMrHdCSbRX0urRlLgcBnz5e70xcf0xpkMmaVQ5379H2GqOJZQDQkkBstFyPqXZTByLJ9N1UI02J5idg0shQnnTJIVEhCOKNmkIWnL67A,tomato,7T,9,Sasha Altai,Sasha Altai,ocr_unresolved|manual_series_map,0.4,sapling,2026-02-24,2026-02-25,3,3,ok,ocr_confirms_pot_number
2026-02-27,34,AF1QipM5jM5GYBXRvXyJF6QM_c1PeZheaz2reTEUt5K-,2026-02-27,2026-02-27T16:07:24.251000-08:00,https://lh3.googleusercontent.com/pw/AP1GczOAnNE-AntYNp3NqwVrSekv-DWmBx4X8517cw0BX4oxkAfFpENyfu9-Z25fqKrgZibBCFnhtktescugXwsLIhRJus1xEePli-zSRQBMxVtuBObZRY_Z,tomato,8T,3,Iles Yellow Latvian,Iles Yellow Latvian,ocr_unresolved|manual_series_map,0.4,sapling,2026-02-24,2026-02-25,3,3,ok,ocr_confirms_pot_number; series_from_manual_pot_override
2026-02-27,35,AF1QipNu1M2E0AEQYK7hFn3pmzbxiIGeSq5J5Dotovbe,2026-02-27,2026-02-27T16:07:44.473000-08:00,https://lh3.googleusercontent.com/pw/AP1GczNxvEUUByth3inm218o3N36rOfEqO8mtAy2HE1nIHSpOo5heE4FTj8KG6NfFMnaWOpKQaBUSm3n-1PpFLwgqidfKsE1AzD---Q5dSGENejr-mtoXwQ-,tomato,9T,3,Iles Yellow Latvian,Iles Yellow Latvian,ocr_unresolved|manual_series_map,0.4,sapling,2026-02-24,2026-02-25,3,3,ok,series_from_manual_pot_override
2026-02-27,36,AF1QipPQ3ZWzolhWl3_1pB8e_6oGzGgs5Zr27sPloFFL,2026-02-27,2026-02-27T16:08:06.083000-08:00,https://lh3.googleusercontent.com/pw/AP1GczNf_XOSQLU-S56-YXdNNKgl3cMQ89E8uBh-VA-pO5FSTp-DWWRCgAi03XaCQqwOn8I4vDevbPG-p0lf2iDd8yaGuRYBqEF8CFcWMvA5t9Ama2fqL3dZ,tomato,10T,3,Iles Yellow Latvian,Iles Yellow Latvian,ocr_unresolved|manual_series_map,0.4,sapling,2026-02-24,2026-02-25,3,3,ok,series_from_manual_pot_override
2026-02-27,37,AF1QipP0GSadCV_QUXvaUIJg4ToDtuQV2EuemT3VBdGd,2026-02-27,2026-02-27T16:08:54.425000-08:00,https://lh3.googleusercontent.com/pw/AP1GczMfo9NBEs53rqIly_9WsQHXNXEmxpOAzN_6vYbo_JBUv8uy_U_vrSwTMTDuzfZQzx1ylGWMnrR12t5NiHjGEkJX-j2vAa3MGiZd9ws59CEsXpkTQ0Fz,tomato,11T,3,Iles Yellow Latvian,Iles Yellow Latvian,ocr_unresolved|manual_series_map,0.4,sapling,2026-02-24,2026-02-25,3,3,ok,series_from_manual_pot_override
2026-02-27,38,AF1QipPcRUF9VFcBtV6xTPyLJvDNn91cVt9MSk1b9ELy,2026-02-27,2026-02-27T16:09:28.220000-08:00,https://lh3.googleusercontent.com/pw/AP1GczOF7FUdohj3sD_dtw24urJStx4ET4pqvlkbH0rvtXURmOPx1wf3xtA9GE4JpWSyh6phJEv1rsaYhgvTNzUF8lDHHeEX7KVET36uEXqXjy3SVe47Z0JS,tomato,12T,3,Iles Yellow Latvian,Iles Yellow Latvian,ocr_unresolved|manual_series_map,0.4,sapling,2026-02-24,2026-02-25,3,3,ok,
2026-02-27,39,AF1QipO9O8ofJOltx3a8m1wZDzXD_RBObZa59LwMiQZc,2026-02-27,2026-02-27T16:10:09.060000-08:00,https://lh3.googleusercontent.com/pw/AP1GczPELAIUEBHHZlOBv89CmH0M7rQpbMxn4_mvK4NERomCB8OnPKHjKE8Rhcbmj47u0Y4sDl8lnHi1B6abEEpB4CQV_oC5w8CW4DFBf8_3lk8sOfpMqnoy,tomato,13T,,San Francisco Fog,San Francisco Fog,ocr_no_text|manual_series_map,0.3,sapling,2026-02-24,2026-02-25,3,3,ok,variety_from_historical_pot_mapping
2026-02-27,40,AF1QipPdVE9IB07u1CtbsQ3DSY74m3ZuwXADzVdyG_LQ,2026-02-27,2026-02-27T16:10:35.022000-08:00,https://lh3.googleusercontent.com/pw/AP1GczM5oed7ect65oYYdWPU2rPHIA1IBOnVt4zFJX4Xl137EmqQ1fGnWDYaU6JKqjFewDYzXuwNRWHPs29A1v5uJkonuHmHSCmWfAfwTOieNl710yjsWKRE,tomato,14T,,Iles Yellow Latvian,Iles Yellow Latvian,ocr_unresolved|manual_series_map,0.4,sapling,2026-02-24,2026-02-25,3,3,ok,variety_from_historical_pot_mapping
2026-02-27,41,AF1QipPhljrNj7wo-iKKOyxIf1xHvkkj3CkWIKYtnlv3,2026-02-27,2026-02-27T16:11:10.197000-08:00,https://lh3.googleusercontent.com/pw/AP1GczOVJ4mM69ZgsEPDI5j1WCddGNSR0suntrDbgip765jcq9RNnf5vkkK_d5WTV_QjmkWYisUH2CT8ENnXJKeh6d8hJtSwNJ8De37YhGMrUQzCiWwAcyK6,tomato,15T,3,Taxi,Taxi,ocr_unresolved|manual_series_map,0.4,sapling,2026-02-24,2026-02-25,3,3,ok,ocr_confirms_pot_number; variety_from_historical_pot_mapping
2026-02-27,42,AF1QipMMO4uoJXozbYyUy6rRxeZYhw961kmp8Povegbo,2026-02-27,2026-02-27T16:11:36.629000-08:00,https://lh3.googleusercontent.com/pw/AP1GczP4av51WsEbp0Um4GA6Q5kaq5RRvVR0B7RTWLIgjNQv8eSHyhL4YJwMTo6oPruznEFUZzWDzFvSowQpIliR_C5DpHa_6Tm0kRVWWj2KEuvXCRc31fIc,tomato,16T,,Nikolayev Yellow Cherry,Nikolayev Yellow Cherry,ocr_unresolved|manual_series_map,0.4,sapling,2026-02-24,2026-02-25,3,3,ok,variety_from_historical_pot_mapping
2026-02-27,43,AF1QipMGoOuZlrRZznWkkqiaqTGliSLNsZ6uguUFT9Sw,2026-02-27,2026-02-27T16:12:05.982000-08:00,https://lh3.googleusercontent.com/pw/AP1GczMid2vqci6ubHdgRwTzgP25xC7No26ABEuVsbpJWT7wa4f8IAuJl6v1uU_mw-Vx5Yh6nzVoVEU8LanCnuCHHAPKXHeDg0sxMewAzfgUx4B-CKXUZ5dZ,tomato,17T,7,Japanese Black Trifele,Japanese Black Trifele,ocr_unresolved|manual_series_map,0.4,sapling,2026-02-24,2026-02-25,3,3,ok,variety_from_historical_pot_mapping
2026-02-27,44,AF1QipNHxDXPshBC7-87uRtOOjldwWgD7sHwj3tsBqPl,2026-02-27,2026-02-27T16:13:06.839000-08:00,https://lh3.googleusercontent.com/pw/AP1GczOq1BJ6lQdAbSQpuPbf4ivPcfIf-GTWNd5c9DMV911nRH1JWPrlTuiud9jyWB7ZbI9J6VuxrIgYaFW83PXs45jRU-fDpZi9mhYPYSNhxREab3MwwyZ5,tomato,18T,5,Sunset's Red Horizon,Sunset's Red Horizon,ocr_unresolved|manual_series_map,0.4,sapling,2026-02-24,2026-02-25,3,3,ok,variety_from_historical_pot_mapping
2026-02-27,45,AF1QipN8xGY0DJ1YO6FxU8cQUCA5Xj8-aAL5J6K0jNs3,2026-02-27,2026-02-27T16:13:45.896000-08:00,https://lh3.googleusercontent.com/pw/AP1GczNBXWQ1-MDLDK8C-Wtlg5gFtLQ-KT5W9nBLdNMNGPMbT1j2ZDavogXzCd8QEvqQFgb1jrfIDM6tmkQlxr4UzBGjcaRkqG1ddHm1hNV1OFTqU6_3gio0,tomato,19T,,Waimea Wild Cherry,Waimea Wild Cherry,ocr_unresolved|manual_series_map,0.4,sapling,2026-02-24,2026-02-25,3,3,ok,variety_from_historical_pot_mapping
2026-02-27,46,AF1QipMYQNQywKhbOyI2QHkZYogmbkuNr-LIeoWHrJiK,2026-02-27,2026-02-27T16:14:10.043000-08:00,https://lh3.googleusercontent.com/pw/AP1GczPHQmto1Pb5BqOiU00D3JjWvwnjej0gVzNwSgNjMjrR1nu7Tl-Z4at27QQvoMwEvBKqxm6OqoPStrvzVgQ9ZN3CnrEPJwqhhidHFcbc0qQZAmfyjfT6,tomato,20T,2,Sasha Altai,Sasha Altai,ocr_unresolved|manual_series_map,0.4,sapling,2026-02-24,2026-02-25,3,3,ok,variety_from_historical_pot_mapping
2026-02-27,47,AF1QipMa0qMVkNBfCip-aaXnEkgaIrdRp7x04CMh_HI_,2026-02-27,2026-02-27T16:14:29.099000-08:00,https://lh3.googleusercontent.com/pw/AP1GczOvy8pR0x7d7-3Dx4WREyaZ6mwWOu-NLFgTFSY4T0nahXYQ2BqI4J5f0S4R5nOAobHLWyHMc9JFmHrHW5ooGzv4VtTkwSMyHktgkBps5roQVpucOSjb,tomato,21T,2,Sasha Altai,Sasha Altai,ocr_unresolved|manual_series_map,0.4,sapling,2026-02-24,2026-02-25,3,3,ok,variety_from_historical_pot_mapping
2026-02-27,48,AF1QipNQus6o7w1H0bxgqTuVUHDttT63nQ0MI9HJ5nUt,2026-02-27,2026-02-27T16:14:46.566000-08:00,https://lh3.googleusercontent.com/pw/AP1GczPx9lwmq25WBkX1MFWYcna9GewV_AOjVukUHiFklKbtbETJhPWTrh7Thh-ZwvgjpMPiCslJUZNBqOEAKECNa0mCbdAFIwTa3Y5y-RWAuDd533hVoehG,tomato,22T,,Azoychka,Azoychka,ocr_unresolved|manual_series_map,0.4,sapling,2026-02-24,2026-02-25,3,3,ok,ocr_confirms_pot_number; variety_from_historical_pot_mapping
2026-02-27,49,AF1QipM0yvLYq5gh5dD0jBeZ7QVjN21Ze4e4PZTa41m2,2026-02-27,2026-02-27T16:15:03.412000-08:00,https://lh3.googleusercontent.com/pw/AP1GczM7PiSEtK6d9-UdjXGsEFFBXOH3kMR1qHZYJRMDjuLJMSKARljMCp8YcJIzhIZYj-0EVSPCoWFk27_9AuW6ECvQl6rI7J6_iNDywaYzl85svI4yOoTY,tomato,23T,,Heinz 9129,Heinz 9129,ocr_unresolved|manual_series_map,0.4,sapling,2026-02-24,2026-02-25,3,3,ok,variety_from_historical_pot_mapping
2026-02-27,50,AF1QipN5DqCCkcW274dmS91S3YUqca660Mf_KV-k4Uuu,2026-02-27,2026-02-27T16:15:25.015000-08:00,https://lh3.googleusercontent.com/pw/AP1GczNTaJ-tSOVSpMxV6P65xAe8SNcw1JT4LVKF7AbQmYguVqn5y4tNTeGGlGZ917AZmHE9RLyGM30bQ-iPamIuRI1uJk-1HHsRzm4Gt2QHbaAFTbnKpaCS,tomato,24T,2,Gold Dust,Gold Dust,ocr_unresolved|manual_series_map,0.4,sapling,2026-02-24,2026-02-25,3,3,ok,ocr_confirms_pot_number; variety_from_historical_pot_mapping
2026-02-27,51,AF1QipNODrVzJesRuXtXzBS4-drd3kbt24GJVefWTk2i,2026-02-27,2026-02-27T16:16:22.009000-08:00,https://lh3.googleusercontent.com/pw/AP1GczNTS-bUm9nm0Hw0P5NlbEtHRYWEPNgF95SkbDkJ1J4tx57nYWzNMiMd9U-FU00TDrliiQCdVRLdDbFTDPw7jg1sO7q5ddLFvKmMSw5TvLMGoJFvCmaW,tomato,25T,2,Heinz 9129,Heinz 9129,ocr_unresolved|manual_series_map,0.4,sapling,2026-02-24,2026-02-25,3,3,ok,variety_from_historical_pot_mapping
2026-02-27,52,AF1QipNdeVT-5e36OTyiL2lMm7CBCmO9kGQLrkK_u0RW,2026-02-27,2026-02-27T16:16:40.842000-08:00,https://lh3.googleusercontent.com/pw/AP1GczMX3e8-MVjyk91zng4gVqOtNGy-8qhIkH1rZfC458Xjs_iyCMGlfq7DAuBtc2wY2jSKMU7Xy3vKpErkvOZsMVl1uXZnYVGg2in9HghU9mZk4oJzYYnw,tomato,26T,9,Heinz 9129,Heinz 9129,ocr_unresolved|manual_series_map,0.4,sapling,2026-02-24,2026-02-25,3,3,ok,variety_from_historical_pot_mapping
2026-02-27,53,AF1QipPWgrm0c2e2ueay8ltxkNXZmYWr_MEy6B3wWNyW,2026-02-27,2026-02-27T16:17:06.862000-08:00,https://lh3.googleusercontent.com/pw/AP1GczOfHQxNmKBdk7ZFHkOMlEGi496BC8jUarmCshEU_3KpOsrrXE-9o8SRQ6sT3ELgs0iMEmo1sHa3-SysAn8stONXBx6SopZhBF9isZhNVDX3Mmu4j0Ba,tomato,27T,4,Taxi,Taxi,ocr_unresolved|manual_series_map,0.4,sapling,2026-02-24,2026-02-25,3,3,ok,ocr_confirms_pot_number; series_from_manual_pot_override
2026-02-27,54,AF1QipNNWpiy8RVHX96LLFVf8jWo7bcfr96LcWxlhLoN,2026-02-27,2026-02-27T16:17:34.471000-08:00,https://lh3.googleusercontent.com/pw/AP1GczMSHh1oMxqHzVlUN07FbSMcpjsWqxVjuCodRU71YxaUrEs5UrDGo2dqrhFj5j5EjXdurSa20rzTatYyg4LTpFXkP0db93AMiaJTB4eOBPcRj9Xu3HCF,tomato,28T,5,Nikolayev Yellow Cherry,Nikolayev Yellow Cherry,ocr_unresolved|manual_series_map,0.4,sapling,2026-02-24,2026-02-25,3,3,ok,
2026-02-27,55,AF1QipPl7rTGp9wwRZiLbaU7kO7c2HuMQ9t4Tpi1hSgo,2026-02-27,2026-02-27T16:17:53.526000-08:00,https://lh3.googleusercontent.com/pw/AP1GczMRYWGmryb52EBT1UAO8SZEjuVm-NlKe9r2OGoYj-TJXC1BeFniWJ5jHv5YaJrAs8egHVSkqZE4cyoOpxlBgPu2VgAb_3nCNLkQVcaR4D9Kk7Ahiru8,tomato,29T,7,Sunset's Red Horizon,Sunset's Red Horizon,ocr_unresolved|manual_series_map,0.4,sapling,2026-02-24,2026-02-25,3,3,ok,ocr_confirms_pot_number
2026-02-27,56,AF1QipN537ybNXCCXSFj6NaQyygBKMS8sEZRVnfUYAhQ,2026-02-27,2026-02-27T16:18:17.438000-08:00,https://lh3.googleusercontent.com/pw/AP1GczPwLEoLlIsnSbPckw0lN7WT-HCyeEyamNGNItnqKWZ9YIMC4fTg2RJWP15GoFjsnbdCgUaG-ui9GTOe1voY6afF9YQiTYdTu29eh1_1lAyIltESJrHA,tomato,30T,7,Sunset's Red Horizon,Sunset's Red Horizon,ocr_unresolved|manual_series_map,0.4,sapling,2026-02-24,2026-02-25,3,3,ok,ocr_confirms_pot_number; series_from_manual_pot_override
2026-02-27,57,AF1QipPgDMe3CWYmipAB-no13igQfPJRtD0OwTtO982r,2026-02-27,2026-02-27T16:18:37.571000-08:00,https://lh3.googleusercontent.com/pw/AP1GczPL_UlZIqmWCRXreoAvF62QWFTXrEBM-geNIgKs8LVYUcgqv_Gr02OP1HkCNMEaq23UW49ymVsbqUYKYnFH5gxoHLFfXlLMDKVkfguUZPgaasi00r5_,tomato,31T,3,Iles Yellow Latvian,Iles Yellow Latvian,ocr_unresolved|manual_series_map,0.4,sapling,2026-02-24,2026-02-25,3,3,ok,
2026-02-27,58,AF1QipPW_xrbboWWeCEJUDigNayqwBG7NHzHDD0oShYP,2026-02-27,2026-02-27T16:18:58.684000-08:00,https://lh3.googleusercontent.com/pw/AP1GczMNSZHB4XRKLIzpLkXPYvWTjxdEHrXGHtfXDF0FMlGk1r56HuODaGe-oHpag-RbVhZGnBwOBOtKzDaw2gErXucV4qry4xhDqnUk9I1dpfoNpKGdgOWB,tomato,32T,7,Sunset's Red Horizon,Sunset's Red Horizon,ocr_unresolved|manual_series_map,0.4,sapling,2026-02-24,2026-02-25,3,3,ok,ocr_confirms_pot_number
