run_date,row_index,source_asset_id,capture_date,captured_at,photo_url,classification_label,pot_id,packet_number,variety_name,species_common_name,labeling_method,confidence,lifecycle_stage,potting_date,day_one_photo_date,day_since_potting,experiment_day,mapping_status,mapping_note
2026-02-25,1,AF1QipPU9RHgErKWJwJJ92pF-E0klp18nr0eMqppu6yS,2026-02-25,2026-02-25T15:03:49.626000-08:00,https://lh3.googleusercontent.com/pw/AP1GczMFMLOe7oiwjfy2VzLYUh5tJOWEA7wfObH4QF5kurmaWY69z7ktRZ8VveosEOtK6LaPOAEKKRUFcBYQdbOE3GTkmdqEVNG7VFBiAV9MEzmTnmaLW5qh,non_tomato,,8,Lettuce,Lettuce,manual_packet_label,0.99,sapling,2026-02-24,2026-02-25,1,1,needs_review,row_not_detected_as_tomato
2026-02-25,2,AF1QipP3uLTxp7JBdSEI1arLdrVpzmVWxPsfUREzogQc,2026-02-25,2026-02-25T15:04:31.921000-08:00,https://lh3.googleusercontent.com/pw/AP1GczM_-onCa0Wcrfjf20N-VnH8urwQNIOfacr9iQL4-MUob6XBcv-bqhaIqNgfqqi0cMsyqLXpJFjjpUXXDp5kpgX60CIQoQ_y3ViaGgzmENYin3PWAMgM,non_tomato,,2,Spinach,Spinach,manual_packet_label,0.99,sapling,2026-02-24,2026-02-25,1,1,needs_review,row_not_detected_as_tomato
2026-02-25,3,AF1QipMhYY3ADKACHG7cdnyQKr5EB6ubpjjpWykvU06O,2026-02-25,2026-02-25T15:04:52.014000-08:00,https://lh3.googleusercontent.com/pw/AP1GczM3sgJLOFfLxtTTQ-7yhO2hi0NJzMObA-mPgxRs3ToIaCFJlCq5NuYk8xxOLXvpBKBSjaoD0qkMRH8CRLHkH2A6PpPKLgrgOhfkO3_juwlrhXXiUmqh,non_tomato,,7,Spinach,Spinach,manual_packet_label,0.92,sapling,2026-02-24,2026-02-25,1,1,needs_review,row_not_detected_as_tomato
2026-02-25,4,AF1QipND0gAwfUQ1xbVpfJqHJ7hJJjb6fhFYSQdo4CWe,2026-02-25,2026-02-25T15:05:07.484000-08:00,https://lh3.googleusercontent.com/pw/AP1GczNWU1KGbKd-lxw1pHAMPVOEykVSffgvIk4YOkduAozkzL32eWu9h8BTlhLbFOuiCZwfoie-CwGscaPrE79DDWJfKeiskVX-byjP_zXyGKrPbSSj-dlW,non_tomato,,2,Spinach,Spinach,manual_tag_inference,0.85,sapling,2026-02-24,2026-02-25,1,1,needs_review,row_not_detected_as_tomato
2026-02-25,5,AF1QipOAixlyabr6w5IntjDZchh5IVfv3jAqII7bUhAI,2026-02-25,2026-02-25T15:05:23.066000-08:00,https://lh3.googleusercontent.com/pw/AP1GczOyDG--plQlxn84m_7asZCbRv4RGEUpk_dtgvs97UJog8pa3POFlhom66xsSd0oyrWe_ZqTwp_qvL9PFt5Umbm_SYt5d6sQ222lB5skoSpdjR2SmusU,non_tomato,,25,Spinach,Spinach,manual_packet_label,0.99,sapling,2026-02-24,2026-02-25,1,1,needs_review,row_not_detected_as_tomato
2026-02-25,6,AF1QipPy0PJSqnwpfWm_W4pspUcOt_QTWuAzcKvpBi_4,2026-02-25,2026-02-25T15:05:52.191000-08:00,https://lh3.googleusercontent.com/pw/AP1GczPBDkxvbJW2i0Aq4-I9nYwMelPN6qKIoaC2FzkmKsTzNIs6TXDn-HUNk8ChAFymNFkCrVoLGBvRU9cex69d6ftAvr4JFulbo4MwfK2P95lY1nmSjpVv,non_tomato,,4,Pea,Pea,manual_packet_label,0.99,sapling,2026-02-24,2026-02-25,1,1,needs_review,row_not_detected_as_tomato
2026-02-25,7,AF1QipMB-jUQ93DXcLOwaHZnlF1J7IK3rz6IW8Dgpv2B,2026-02-25,2026-02-25T15:07:05.402000-08:00,https://lh3.googleusercontent.com/pw/AP1GczPmpa_ecGly6DmKjzNTVcOwn6CKvzqjG4eDDi41ki8BGSmPg0pCjZz5YURce1l2tD5oK5J757klLG7SAlk_H3nq5FIPheIvH67c8RSnUpJFt4t5rHGo,non_tomato,,7,Collards,Collards,manual_packet_label,0.99,sapling,2026-02-24,2026-02-25,1,1,needs_review,row_not_detected_as_tomato
2026-02-25,8,AF1QipM6AUa6pLQQ6rWh54k2_an_Z5J1ijOLl5S1vVYB,2026-02-25,2026-02-25T15:07:15.144000-08:00,https://lh3.googleusercontent.com/pw/AP1GczPbUzKffSUzNaJgkbWllUKOKGMV5zMlbnMOZ-1-zw0UmSE3d4TUsGxs3PsGN7_V_SQgrW5zEk4SR3fFJ8-5jpkpYdtPmj0Af1CezrqGQwuYxJKzd2ga,non_tomato,,4,Leek,Leek,manual_packet_label,0.99,sapling,2026-02-24,2026-02-25,1,1,needs_review,row_not_detected_as_tomato
2026-02-25,9,AF1QipPBKSwU3sjNcQQSkKhJlcDXrMPgsJUsYU4qxJBM,2026-02-25,2026-02-25T15:07:27.925000-08:00,https://lh3.googleusercontent.com/pw/AP1GczNINkznFs3eW_WC8eBcLPZCcBGo2WjQp2R28NUZ7t3qGVGMoE6zBnJ_MWx3lupOSTyEEt64IiZJ45_aGn_8n5dCaeOvn7cQ6170bnz89xQ3wZ5C3Bvh,non_tomato,,3,Kale,Kale,manual_packet_label,0.99,sapling,2026-02-24,2026-02-25,1,1,needs_review,row_not_detected_as_tomato
2026-02-25,10,AF1QipOjuN57XrR72JGpYJD-MNFmDIU5mMfTXiSqesvx,2026-02-25,2026-02-25T15:07:43.173000-08:00,https://lh3.googleusercontent.com/pw/AP1GczPf7y7iK9rIjFFcXNMalZrKueHECps2QmiEVeHeZp9d9GvtzBusWm-zrteqjhx_Tch5wgyugPzE_45r6nKPcuQ7VqzC4kE0uhqVn1Xe9b0kTh7sf9EB,non_tomato,,2,Red Cabbage,Red Cabbage,manual_packet_label,0.99,sapling,2026-02-24,2026-02-25,1,1,needs_review,row_not_detected_as_tomato
2026-02-25,11,AF1QipOD-4JZKFoLLmop8kf5UrZVgFK997FlrUV2bfDK,2026-02-25,2026-02-25T15:08:01.793000-08:00,https://lh3.googleusercontent.com/pw/AP1GczPWQ8DfLtfo_a0nXO3jTa4v-JDZMGawgo8AuOgEZTRTHpORPZJsPsN_BbkYTiWRXkO0XaR5JY3ZsIuYC3j-2EB0-WSbAwClkoiJ6t9ltUB5e-uE388H,non_tomato,,11,Turnip,Turnip,manual_packet_label,0.99,sapling,2026-02-24,2026-02-25,1,1,needs_review,row_not_detected_as_tomato
2026-02-25,12,AF1QipOFj7AJ4wBEzoSghT-FmoK39t8yyzYEN5BeNu8N,2026-02-25,2026-02-25T15:08:32.646000-08:00,https://lh3.googleusercontent.com/pw/AP1GczPERxghxAmrYvnJhRkc6N01Mqge0DcfCKrHP_KrnZ-hCSJS0hMfe-DAW1tVhOc8iVOmRnzphNCTErjtHfUC3vx43EgCsxfPCn7WWIXNCbbQA0wqPlYB,non_tomato,,7,Turnip,Turnip,manual_tag_inference,0.8,sapling,2026-02-24,2026-02-25,1,1,needs_review,row_not_detected_as_tomato
2026-02-25,13,AF1QipNPL4nt2YpB_XIcQzYhO655wqvWMHRH-KHmtrYL,2026-02-25,2026-02-25T15:08:52.048000-08:00,https://lh3.googleusercontent.com/pw/AP1GczP1g64yXnEjN4EMpwF1V2O6xgmsYAs9ttj1xVDDUVGsq1RYg1b0x-KydO-ZOzc3jyw_rl_FNyUMN69tD1R3v5PQTNWMH5j7THrio2r2dZ6-_txuJM2l,tomato,13T,7,San Francisco Fog,San Francisco Fog,manual_packet_label,0.99,sapling,2026-02-24,2026-02-25,1,1,ok,
2026-02-25,14,AF1QipOKLGjadxmA3cB21dGUO7lBOdTQURwF1BvGZdiR,2026-02-25,2026-02-25T15:09:11.414000-08:00,https://lh3.googleusercontent.com/pw/AP1GczPm9-YeIg_h_p3Kyn-0ehAv4IoH6sZurgEBC4m0Ss0W0L3LkJ5UEGD2om0hcw4n8YvhWu7LnKzle7CLTo5YpFOPi8DCWUJEWjcuEGbuepnrU2842U9W,tomato,14T,8,Iles Yellow Latvian,Iles Yellow Latvian,manual_packet_label,0.99,sapling,2026-02-24,2026-02-25,1,1,ok,
2026-02-25,15,AF1QipN2YoB1bCy4GtnTmb14BMvYRBvSTUZ2eqDUQChh,2026-02-25,2026-02-25T15:09:23.522000-08:00,https://lh3.googleusercontent.com/pw/AP1GczO0v1TDxsnW-7uz_wgBh4hhnvWYYFD_07GhGv-NALPVgOHQkxjjIAmKE69yPzs21iY7DbeI9TPdrHPzPVG6O5EzfYsbkE641dtLcUD2SAidxVb5XcQ5,tomato,15T,3,Taxi,Taxi,manual_packet_label,0.99,sapling,2026-02-24,2026-02-25,1,1,ok,
2026-02-25,16,AF1QipOLVxSyli52QM5HMEqdgY_3saaI5bYdnoJgIolG,2026-02-25,2026-02-25T15:09:36.700000-08:00,https://lh3.googleusercontent.com/pw/AP1GczP5jqwsEP0C4Ytq5xjtD59107Gy1jqJy3JSDKkyUfEc-oFnZnvF5fnD_Xeg6HLWO6yI1Co4oyk_p6EX60-hyfkQDWLP4RJWbDhMjJDsqlaI-8fcloV2,tomato,16T,5,Nikolayev Yellow Cherry,Nikolayev Yellow Cherry,manual_packet_label,0.99,sapling,2026-02-24,2026-02-25,1,1,ok,
2026-02-25,17,AF1QipM1i3MSJ0yhTT2hSftqHOFdl3W_wWqD5xJY0F34,2026-02-25,2026-02-25T15:09:49.993000-08:00,https://lh3.googleusercontent.com/pw/AP1GczOT17BKW-sfNkNNhmrA30AVJBEFDuJQ5xHEvo4y_96i-wgZVy5wqWasExh8AXPBdor6Q0Be9wF7JmN0z0na2IWEY1tBG8IN5gMvH-FOeYZK4QBU-MA7,tomato,17T,6,Japanese Black Trifele,Japanese Black Trifele,manual_packet_label,0.99,sapling,2026-02-24,2026-02-25,1,1,ok,
2026-02-25,18,AF1QipP1dMtVzUEgy1xAa-BPODBu3C8Mv1MxdVczHmsv,2026-02-25,2026-02-25T15:10:03.936000-08:00,https://lh3.googleusercontent.com/pw/AP1GczP8DJ9tE-Q_EmBoGpO-cEJZCYM3XUEEFwitCqI9PEfTT8_4hx0uI5UzWgPj6hqSDp0Lqiob8ZKezlVvJLYtEnciMrIqpAHE9IN6qPF_lK4D7JmfHPcy,tomato,18T,1,Sunset's Red Horizon,Sunset's Red Horizon,manual_packet_label,0.99,sapling,2026-02-24,2026-02-25,1,1,ok,
2026-02-25,19,AF1QipNjCXO2DCyYSPo8z8XBD0Ec50YkcouPnONL4iMi,2026-02-25,2026-02-25T15:10:24.254000-08:00,https://lh3.googleusercontent.com/pw/AP1GczMxb7DsDhsL11aNsPvQHYmE3NqPJ0kGBGWmCx-t0j9FL_0o2iRFy2N10rBlGx4XN-ofymZOCy54A0JUkt0LXgNbkRVFWAzdDqSq-Q8WYBUQE0GUMykk,tomato,19T,3,Waimea Wild Cherry,Waimea Wild Cherry,manual_packet_label,0.99,sapling,2026-02-24,2026-02-25,1,1,ok,
2026-02-25,20,AF1QipOWtl-WwkecNu9F9l_igA2_xjUTX61phekqUISY,2026-02-25,2026-02-25T15:10:37.277000-08:00,https://lh3.googleusercontent.com/pw/AP1GczPmacGu7fZK_lV9h9M9ZeiHU0vdAwCeLAs5jC-UTtAcMj8emS46A-Nc3QtXCK1CKeQoWHmtZZc4cwmTOUw3AAK67rI6UR5oLplX7jECu7r1s-GgW05U,tomato,20T,4,Sasha Altai,Sasha Altai,manual_packet_label,0.99,sapling,2026-02-24,2026-02-25,1,1,ok,
2026-02-25,21,AF1QipNgy53gtDiRsdSvAMrdHdBvBkbmKmaU1vFW5Zwz,2026-02-25,2026-02-25T15:10:52.554000-08:00,https://lh3.googleusercontent.com/pw/AP1GczOPLG_gOrPMpurEI9RA83YIAeId_r5YUR65grLsHjnN-BuRFaKFnfHhLotsTsMzIWP0p78_BzUTJ-CWR1lo_gQzBzPkzrDyCUcziaPLBKQbFVyL37JK,tomato,21T,4,Sasha Altai,Sasha Altai,manual_packet_label,0.99,sapling,2026-02-24,2026-02-25,1,1,ok,
2026-02-25,22,AF1QipPAAscveydu_pS2BDKBY5GW6c2PcX28PTEVjWAg,2026-02-25,2026-02-25T15:11:10.129000-08:00,https://lh3.googleusercontent.com/pw/AP1GczNF0fK6hvQA6gRp-hGq7-UlmPY5LQWxv2AfYsgYty8ghMBK2_s5YHN8z4XFRwWFc-DMhalQoCuqh_LQ_55KQn5i9t7NnQoQflHsPIAHHwS5PSQmtrCc,tomato,22T,6,Azoychka,Azoychka,manual_packet_label,0.99,sapling,2026-02-24,2026-02-25,1,1,ok,
2026-02-25,23,AF1QipOyJ1f5YmuDH5yEFsgS-jiPJZezlWGcMT5fMGtw,2026-02-25,2026-02-25T15:11:21.664000-08:00,https://lh3.googleusercontent.com/pw/AP1GczP18fcZCnjTI0f3oP6cdVHcgqNKQVhNje-uRu9DYDSHEFmPsv180Ej7L3LfJXEaTEfs-DuX8xJkYUyjkQtQeq5aoz0iSJzEDBwha-N2Ntowu3ST460g,tomato,23T,4,Heinz 9129,Heinz 9129,manual_packet_label,0.99,sapling,2026-02-24,2026-02-25,1,1,ok,
2026-02-25,24,AF1QipNP68Vw7mvYGsv5QBHZUceKBkEDLjdMJrAvrxd7,2026-02-25,2026-02-25T15:11:38.169000-08:00,https://lh3.googleusercontent.com/pw/AP1GczPzu4jevb4mCcnaY0_zhC_1uMP5-V96DoDpAWdOhS6xwNbiJf5vWCnpez9lb2nL20T-vcnfO8G49VHCxNnsx4XUygfwyu9NvBEI9yGwLdUBS6lU521T,tomato,24T,4,Gold Dust,Gold Dust,manual_packet_label,0.99,sapling,2026-02-24,2026-02-25,1,1,ok,
2026-02-25,25,AF1QipMsgTsMPe0GgrGEOMSzeDEb5I0btOG77tyXcHuV,2026-02-25,2026-02-25T15:11:44.325000-08:00,https://lh3.googleusercontent.com/pw/AP1GczOYTQdRirf0TMq5CgwTAd7biLXutMRn3GHQjr8niRQHCyUhau-l8GH78VaND3Xga6ZEEQn0qrqq9qmT6nZahQGa3gx2zWh_1o0KfUvOlMb8e3StVJ0X,tomato,25T,4,Heinz 9129,Heinz 9129,manual_packet_label,0.99,sapling,2026-02-24,2026-02-25,1,1,ok,
2026-02-25,26,AF1QipMEl7diDesLyGqrp1qoRqwhHn3qWfQf49Qfnky2,2026-02-25,2026-02-25T15:11:48.655000-08:00,https://lh3.googleusercontent.com/pw/AP1GczOhmZ7bnSvrB-bY6eKpKNMj7E29JoweUGwU2qVcFSo1i8MS2EssRJ8bV6R4LkpHWS8i3jKJicsFYJdK2BJgMcxAsjUt5oBDjUwgHCKHIkc6v85Pr2Ex,tomato,26T,3,Heinz 9129,Heinz 9129,manual_packet_label,0.99,sapling,2026-02-24,2026-02-25,1,1,ok,
