row_index,source_asset_id,classification_label,species_common_name,variety_name,species_scientific_name,specific_note,weather_hypothesis,expected_harvest_window,confidence,labeling_method,caption,notes_append,ocr_excerpt
1,AF1QipPU9RHgErKWJwJJ92pF-E0klp18nr0eMqppu6yS,non_tomato,Lettuce,,Lactuca sativa,,,,0.99,manual_packet_label,Oakleaf Lettuce (Rouxai MTO) | non_tomato_01 | verified,Manual packet-label verification from photo.,
2,AF1QipP3uLTxp7JBdSEI1arLdrVpzmVWxPsfUREzogQc,non_tomato,Spinach,,Spinacia oleracea,,,,0.99,manual_packet_label,Savoyed Spinach (Tundra F1 OG) | non_tomato_02 | verified,Manual packet-label verification from photo.,
3,AF1QipMhYY3ADKACHG7cdnyQKr5EB6ubpjjpWykvU06O,non_tomato,Spinach,,Spinacia oleracea,,,,0.92,manual_packet_label,Bloomsdale Spinach | non_tomato_03 | verified,Manual packet handwriting + tray evidence (F).,
4,AF1QipND0gAwfUQ1xbVpfJqHJ7hJJjb6fhFYSQdo4CWe,non_tomato,Spinach,,Spinacia oleracea,,,,0.85,manual_tag_inference,Bloomsdale Spinach | non_tomato_04 | inferred,Inferred from repeated F tags adjacent to verified Bloomsdale packet.,
5,AF1QipOAixlyabr6w5IntjDZchh5IVfv3jAqII7bUhAI,non_tomato,Spinach,,Spinacia oleracea,,,,0.99,manual_packet_label,Smooth Leaf Spinach (Tadorna OG) | non_tomato_05 | verified,Manual packet-label verification from photo.,
6,AF1QipPy0PJSqnwpfWm_W4pspUcOt_QTWuAzcKvpBi_4,non_tomato,Pea,,Pisum sativum,,,,0.99,manual_packet_label,Shelling Pea (Maxigol) | non_tomato_06 | verified,Manual packet-label verification from photo.,
7,AF1QipMB-jUQ93DXcLOwaHZnlF1J7IK3rz6IW8Dgpv2B,non_tomato,Collards,,Brassica oleracea var. viridis,,,,0.99,manual_packet_label,Collards (Flash F1) | non_tomato_07 | verified,Manual packet-label verification from photo.,
8,AF1QipM6AUa6pLQQ6rWh54k2_an_Z5J1ijOLl5S1vVYB,non_tomato,Leek,,Allium porrum,,,,0.99,manual_packet_label,Leek (Tadorna OG) | non_tomato_08 | verified,Manual packet-label verification from photo.,
9,AF1QipPBKSwU3sjNcQQSkKhJlcDXrMPgsJUsYU4qxJBM,non_tomato,Kale,,Brassica napus,,,,0.99,manual_packet_label,Kale (White Russian OG) | non_tomato_09 | verified,Manual packet-label verification from photo.,
10,AF1QipOjuN57XrR72JGpYJD-MNFmDIU5mMfTXiSqesvx,non_tomato,Red Cabbage,,Brassica oleracea var. capitata,,,,0.99,manual_packet_label,Red Cabbage (Ruby Perfection F1) | non_tomato_10 | verified,Manual packet-label verification from photo.,
11,AF1QipOD-4JZKFoLLmop8kf5UrZVgFK997FlrUV2bfDK,non_tomato,Turnip,,Brassica rapa subsp. rapa,,,,0.99,manual_packet_label,Turnip (Purple Top White Globe) | non_tomato_11 | verified,Manual packet-label verification from photo.,
12,AF1QipOFj7AJ4wBEzoSghT-FmoK39t8yyzYEN5BeNu8N,non_tomato,Turnip,,Brassica rapa subsp. rapa,,,,0.8,manual_tag_inference,Turnip (Purple Top White Globe) | non_tomato_12 | inferred,Inferred from repeated tray tag 7 adjacent to verified Turnip packet.,
13,AF1QipNPL4nt2YpB_XIcQzYhO655wqvWMHRH-KHmtrYL,tomato,San Francisco Fog,,Solanum lycopersicum,,,,0.99,manual_packet_label,San Francisco Fog | tomato_13 | verified,Manual packet-label verification from photo.,
14,AF1QipOKLGjadxmA3cB21dGUO7lBOdTQURwF1BvGZdiR,tomato,Bes Yellow Latvian,,Solanum lycopersicum,,,,0.99,manual_packet_label,Bes Yellow Latvian | tomato_14 | verified,Manual packet-label verification from photo.,
15,AF1QipN2YoB1bCy4GtnTmb14BMvYRBvSTUZ2eqDUQChh,tomato,Taxi,,Solanum lycopersicum,,,,0.99,manual_packet_label,Taxi | tomato_15 | verified,Manual packet-label verification from photo.,
16,AF1QipOLVxSyli52QM5HMEqdgY_3saaI5bYdnoJgIolG,tomato,Nikolayev Yellow Cherry,,Solanum lycopersicum,,,,0.99,manual_packet_label,Nikolayev Yellow Cherry | tomato_16 | verified,Manual packet-label verification from photo.,
17,AF1QipM1i3MSJ0yhTT2hSftqHOFdl3W_wWqD5xJY0F34,tomato,Japanese Black Trifele,,Solanum lycopersicum,,,,0.99,manual_packet_label,Japanese Black Trifele | tomato_17 | verified,Manual packet-label verification from photo.,
18,AF1QipP1dMtVzUEgy1xAa-BPODBu3C8Mv1MxdVczHmsv,tomato,Sunset's Red Horizon,,Solanum lycopersicum,,,,0.99,manual_packet_label,Sunset's Red Horizon | tomato_18 | verified,Manual packet-label verification from photo.,
19,AF1QipNjCXO2DCyYSPo8z8XBD0Ec50YkcouPnONL4iMi,tomato,Walmea Wild Cherry,,Solanum lycopersicum,,,,0.99,manual_packet_label,Walmea Wild Cherry | tomato_19 | verified,Manual packet-label verification from photo.,
20,AF1QipOWtl-WwkecNu9F9l_igA2_xjUTX61phekqUISY,tomato,Sasha Altai,,Solanum lycopersicum,,,,0.99,manual_packet_label,Sasha Altai | tomato_20 | verified,Manual packet-label verification from photo.,
21,AF1QipNgy53gtDiRsdSvAMrdHdBvBkbmKmaU1vFW5Zwz,tomato,Sasha Altai,,Solanum lycopersicum,,,,0.99,manual_packet_label,Sasha Altai | tomato_21 | verified,Manual packet-label verification from photo.,
22,AF1QipPAAscveydu_pS2BDKBY5GW6c2PcX28PTEVjWAg,tomato,Azoychka,,Solanum lycopersicum,,,,0.99,manual_packet_label,Azoychka | tomato_22 | verified,Manual packet-label verification from photo.,
23,AF1QipOyJ1f5YmuDH5yEFsgS-jiPJZezlWGcMT5fMGtw,tomato,Heinz 9129,,Solanum lycopersicum,,,,0.99,manual_packet_label,Heinz 9129 | tomato_23 | verified,Manual packet-label verification from photo.,
24,AF1QipNP68Vw7mvYGsv5QBHZUceKBkEDLjdMJrAvrxd7,tomato,Gold Dust,,Solanum lycopersicum,,,,0.99,manual_packet_label,Gold Dust | tomato_24 | verified,Manual packet-label verification from photo.,
25,AF1QipMsgTsMPe0GgrGEOMSzeDEb5I0btOG77tyXcHuV,tomato,Heinz 9129,,Solanum lycopersicum,,,,0.99,manual_packet_label,Heinz 9129 | tomato_25 | verified,Manual packet-label verification from photo.,
26,AF1QipMEl7diDesLyGqrp1qoRqwhHn3qWfQf49Qfnky2,tomato,Heinz 9129,,Solanum lycopersicum,,,,0.99,manual_packet_label,Heinz 9129 | tomato_26 | verified,Manual packet-label verification from photo.,
