run_date,row_index,source_asset_id,photo_url,suggested_pot_id,suggested_varietal_id,confirmed_pot_id,confirmed_varietal_id,reviewed,notes,last_edited_at,imported_at_utc,source_file
2026-02-27,27,AF1QipNkNoPwuiEal7zLlF1luNvKjGdOMuwLzCIZ1XYC,https://lh3.googleusercontent.com/pw/AP1GczMspnDV4yy6NgNlxgybeEO1gNnv5SvZ2YwRQhAQtnzq-ypeUErNXJLVb9s3JXaBBrv_cEPeLH2o_BhgYx3culTiJ0u5eaoEgZ_TMeZWDujH1pXblORm,1T,7,1T,5,1,,2026-03-13T01:28:05.280Z,2026-03-13T01:38:59.986538+00:00,/Users/praneet/Downloads/manual_two_run_tags_2026-03-13T01-35-14.861Z.csv
2026-02-27,28,AF1QipM8_VNjFYM6p6XZxnmZbDEe2Jta-agf8uMv3HRX,https://lh3.googleusercontent.com/pw/AP1GczMqxFz88jhevGGborYJjQn9TO37YSA1Yn_J6HhEnA7NfJnqdmp4HbyOINvkrwhVJBC8fQzPOxKa3EPgEBRx_n1wIr965ExCbBvtInDrH6ZcM3IH4src,2T,4,2T,5,1,,2026-03-13T01:28:11.484Z,2026-03-13T01:38:59.986538+00:00,/Users/praneet/Downloads/manual_two_run_tags_2026-03-13T01-35-14.861Z.csv
2026-02-27,29,AF1QipPs5VaxkM25iMl5SmV5FGCnaaoIuO2T0AlKaJDc,https://lh3.googleusercontent.com/pw/AP1GczPj0LcfwL6u4FKikzzERHKEe2r4Aeemp8WSIukvKcEf77d7hhQBdT0VP-v1hjS0lfh6aCaTSRYBeAhc2N3PyXOtMzyI70LJCqjK3VPZZFtkNvZGYiz3,3T,7,3T,1,1,,2026-03-13T01:28:17.010Z,2026-03-13T01:38:59.986538+00:00,/Users/praneet/Downloads/manual_two_run_tags_2026-03-13T01-35-14.861Z.csv
2026-02-27,30,AF1QipMxykxrPSUc6w0Sfi5syejDGOKOoZpIr4sDFLm2,https://lh3.googleusercontent.com/pw/AP1GczPDMVWYjdcJEfLfSyLldRqqFEgaOiY2ANB8hldouIAqy_J-08omhsCvbq-b6Z-f2UD1--DRwai0f-szHUGpg2cstd6r9hNxgkscxEHrxjWsk-nZo2On,4T,1,4T,1,1,,2026-03-13T01:28:20.035Z,2026-03-13T01:38:59.986538+00:00,/Users/praneet/Downloads/manual_two_run_tags_2026-03-13T01-35-14.861Z.csv
2026-02-27,31,AF1QipMuRYdh97xeszs34rqMRR0sncEgNU-1RSBC0iz8,https://lh3.googleusercontent.com/pw/AP1GczNO50WfF518Cy03IelfloUktfgNH7c_lk_FHQpPhq3k6-gEccPSkxFJq7AYO5DeiRVHDetXn4CCyppiyDNxQqt1nsn6fQJIpEZxR00BIV2MXusD8Vf_,5T,1,5T,1,1,,2026-03-13T01:28:21.909Z,2026-03-13T01:38:59.986538+00:00,/Users/praneet/Downloads/manual_two_run_tags_2026-03-13T01-35-14.861Z.csv
2026-02-27,32,AF1QipOh2iMlMQ7BT_GI2stqUxDG0ASkO8q7N_Gzp1mw,https://lh3.googleusercontent.com/pw/AP1GczNexmoMldYiO-5ZxWlBQbDqpzm-TOlMjIVYfehr9l4uNw_6RHB4TeszoGreTKYDV90_Plfn4MWhxVnahcR0U82-9_r5NlrYLO2hTxKzRPeYP69bG0B_,6T,1,6T,1,1,,2026-03-13T01:28:23.126Z,2026-03-13T01:38:59.986538+00:00,/Users/praneet/Downloads/manual_two_run_tags_2026-03-13T01-35-14.861Z.csv
2026-02-27,33,AF1QipMOrNyIbBFmWPB1l0MKNFxFAkvt1kqdtsz1vNRj,https://lh3.googleusercontent.com/pw/AP1GczNpueT12SXMsMrHdCSbRX0urRlLgcBnz5e70xcf0xpkMmaVQ5379H2GqOJZQDQkkBstFyPqXZTByLJ9N1UI02J5idg0shQnnTJIVEhCOKNmkIWnL67A,7T,9,7T,9,1,,2026-03-13T01:28:25.722Z,2026-03-13T01:38:59.986538+00:00,/Users/praneet/Downloads/manual_two_run_tags_2026-03-13T01-35-14.861Z.csv
2026-02-27,34,AF1QipM5jM5GYBXRvXyJF6QM_c1PeZheaz2reTEUt5K-,https://lh3.googleusercontent.com/pw/AP1GczOAnNE-AntYNp3NqwVrSekv-DWmBx4X8517cw0BX4oxkAfFpENyfu9-Z25fqKrgZibBCFnhtktescugXwsLIhRJus1xEePli-zSRQBMxVtuBObZRY_Z,8T,3,8T,3,1,,2026-03-13T01:28:28.067Z,2026-03-13T01:38:59.986538+00:00,/Users/praneet/Downloads/manual_two_run_tags_2026-03-13T01-35-14.861Z.csv
2026-02-27,35,AF1QipNu1M2E0AEQYK7hFn3pmzbxiIGeSq5J5Dotovbe,https://lh3.googleusercontent.com/pw/AP1GczNxvEUUByth3inm218o3N36rOfEqO8mtAy2HE1nIHSpOo5heE4FTj8KG6NfFMnaWOpKQaBUSm3n-1PpFLwgqidfKsE1AzD---Q5dSGENejr-mtoXwQ-,9T,3,9T,3,1,,2026-03-13T01:28:30.287Z,2026-03-13T01:38:59.986538+00:00,/Users/praneet/Downloads/manual_two_run_tags_2026-03-13T01-35-14.861Z.csv
2026-02-27,36,AF1QipPQ3ZWzolhWl3_1pB8e_6oGzGgs5Zr27sPloFFL,https://lh3.googleusercontent.com/pw/AP1GczNf_XOSQLU-S56-YXdNNKgl3cMQ89E8uBh-VA-pO5FSTp-DWWRCgAi03XaCQqwOn8I4vDevbPG-p0lf2iDd8yaGuRYBqEF8CFcWMvA5t9Ama2fqL3dZ,10T,3,10T,3,1,,2026-03-13T01:28:32.476Z,2026-03-13T01:38:59.986538+00:00,/Users/praneet/Downloads/manual_two_run_tags_2026-03-13T01-35-14.861Z.csv
2026-02-27,37,AF1QipP0GSadCV_QUXvaUIJg4ToDtuQV2EuemT3VBdGd,https://lh3.googleusercontent.com/pw/AP1GczMfo9NBEs53rqIly_9WsQHXNXEmxpOAzN_6vYbo_JBUv8uy_U_vrSwTMTDuzfZQzx1ylGWMnrR12t5NiHjGEkJX-j2vAa3MGiZd9ws59CEsXpkTQ0Fz,11T,3,11T,3,1,,2026-03-13T01:28:33.934Z,2026-03-13T01:38:59.986538+00:00,/Users/praneet/Downloads/manual_two_run_tags_2026-03-13T01-35-14.861Z.csv
2026-02-27,38,AF1QipPcRUF9VFcBtV6xTPyLJvDNn91cVt9MSk1b9ELy,https://lh3.googleusercontent.com/pw/AP1GczOF7FUdohj3sD_dtw24urJStx4ET4pqvlkbH0rvtXURmOPx1wf3xtA9GE4JpWSyh6phJEv1rsaYhgvTNzUF8lDHHeEX7KVET36uEXqXjy3SVe47Z0JS,12T,3,12T,3,1,,2026-03-13T01:28:35.842Z,2026-03-13T01:38:59.986538+00:00,/Users/praneet/Downloads/manual_two_run_tags_2026-03-13T01-35-14.861Z.csv
2026-02-27,39,AF1QipO9O8ofJOltx3a8m1wZDzXD_RBObZa59LwMiQZc,https://lh3.googleusercontent.com/pw/AP1GczPELAIUEBHHZlOBv89CmH0M7rQpbMxn4_mvK4NERomCB8OnPKHjKE8Rhcbmj47u0Y4sDl8lnHi1B6abEEpB4CQV_oC5w8CW4DFBf8_3lk8sOfpMqnoy,13T,1,13T,6,1,,2026-03-13T01:28:44.605Z,2026-03-13T01:38:59.986538+00:00,/Users/praneet/Downloads/manual_two_run_tags_2026-03-13T01-35-14.861Z.csv
2026-02-27,40,AF1QipPdVE9IB07u1CtbsQ3DSY74m3ZuwXADzVdyG_LQ,https://lh3.googleusercontent.com/pw/AP1GczM5oed7ect65oYYdWPU2rPHIA1IBOnVt4zFJX4Xl137EmqQ1fGnWDYaU6JKqjFewDYzXuwNRWHPs29A1v5uJkonuHmHSCmWfAfwTOieNl710yjsWKRE,14T,3,14T,8,1,,2026-03-13T01:28:49.497Z,2026-03-13T01:38:59.986538+00:00,/Users/praneet/Downloads/manual_two_run_tags_2026-03-13T01-35-14.861Z.csv
2026-02-27,41,AF1QipPhljrNj7wo-iKKOyxIf1xHvkkj3CkWIKYtnlv3,https://lh3.googleusercontent.com/pw/AP1GczOVJ4mM69ZgsEPDI5j1WCddGNSR0suntrDbgip765jcq9RNnf5vkkK_d5WTV_QjmkWYisUH2CT8ENnXJKeh6d8hJtSwNJ8De37YhGMrUQzCiWwAcyK6,15T,4,15T,6,1,,2026-03-13T01:28:54.401Z,2026-03-13T01:38:59.986538+00:00,/Users/praneet/Downloads/manual_two_run_tags_2026-03-13T01-35-14.861Z.csv
2026-02-27,42,AF1QipMMO4uoJXozbYyUy6rRxeZYhw961kmp8Povegbo,https://lh3.googleusercontent.com/pw/AP1GczP4av51WsEbp0Um4GA6Q5kaq5RRvVR0B7RTWLIgjNQv8eSHyhL4YJwMTo6oPruznEFUZzWDzFvSowQpIliR_C5DpHa_6Tm0kRVWWj2KEuvXCRc31fIc,16T,5,16T,9,1,,2026-03-13T01:28:58.317Z,2026-03-13T01:38:59.986538+00:00,/Users/praneet/Downloads/manual_two_run_tags_2026-03-13T01-35-14.861Z.csv
2026-02-27,43,AF1QipMGoOuZlrRZznWkkqiaqTGliSLNsZ6uguUFT9Sw,https://lh3.googleusercontent.com/pw/AP1GczMid2vqci6ubHdgRwTzgP25xC7No26ABEuVsbpJWT7wa4f8IAuJl6v1uU_mw-Vx5Yh6nzVoVEU8LanCnuCHHAPKXHeDg0sxMewAzfgUx4B-CKXUZ5dZ,17T,6,17T,6,1,,2026-03-13T01:29:01.875Z,2026-03-13T01:38:59.986538+00:00,/Users/praneet/Downloads/manual_two_run_tags_2026-03-13T01-35-14.861Z.csv
2026-02-27,44,AF1QipNHxDXPshBC7-87uRtOOjldwWgD7sHwj3tsBqPl,https://lh3.googleusercontent.com/pw/AP1GczOq1BJ6lQdAbSQpuPbf4ivPcfIf-GTWNd5c9DMV911nRH1JWPrlTuiud9jyWB7ZbI9J6VuxrIgYaFW83PXs45jRU-fDpZi9mhYPYSNhxREab3MwwyZ5,18T,7,18T,11,1,,2026-03-13T01:29:06.409Z,2026-03-13T01:38:59.986538+00:00,/Users/praneet/Downloads/manual_two_run_tags_2026-03-13T01-35-14.861Z.csv
2026-02-27,45,AF1QipN8xGY0DJ1YO6FxU8cQUCA5Xj8-aAL5J6K0jNs3,https://lh3.googleusercontent.com/pw/AP1GczNBXWQ1-MDLDK8C-Wtlg5gFtLQ-KT5W9nBLdNMNGPMbT1j2ZDavogXzCd8QEvqQFgb1jrfIDM6tmkQlxr4UzBGjcaRkqG1ddHm1hNV1OFTqU6_3gio0,19T,8,19T,11,1,,2026-03-13T01:29:10.475Z,2026-03-13T01:38:59.986538+00:00,/Users/praneet/Downloads/manual_two_run_tags_2026-03-13T01-35-14.861Z.csv
2026-02-27,46,AF1QipMYQNQywKhbOyI2QHkZYogmbkuNr-LIeoWHrJiK,https://lh3.googleusercontent.com/pw/AP1GczPHQmto1Pb5BqOiU00D3JjWvwnjej0gVzNwSgNjMjrR1nu7Tl-Z4at27QQvoMwEvBKqxm6OqoPStrvzVgQ9ZN3CnrEPJwqhhidHFcbc0qQZAmfyjfT6,20T,9,20T,11,1,,2026-03-13T01:29:15.350Z,2026-03-13T01:38:59.986538+00:00,/Users/praneet/Downloads/manual_two_run_tags_2026-03-13T01-35-14.861Z.csv
2026-02-27,47,AF1QipMa0qMVkNBfCip-aaXnEkgaIrdRp7x04CMh_HI_,https://lh3.googleusercontent.com/pw/AP1GczOvy8pR0x7d7-3Dx4WREyaZ6mwWOu-NLFgTFSY4T0nahXYQ2BqI4J5f0S4R5nOAobHLWyHMc9JFmHrHW5ooGzv4VtTkwSMyHktgkBps5roQVpucOSjb,21T,9,21T,11,1,,2026-03-13T01:29:19.725Z,2026-03-13T01:38:59.986538+00:00,/Users/praneet/Downloads/manual_two_run_tags_2026-03-13T01-35-14.861Z.csv
2026-02-27,48,AF1QipNQus6o7w1H0bxgqTuVUHDttT63nQ0MI9HJ5nUt,https://lh3.googleusercontent.com/pw/AP1GczPx9lwmq25WBkX1MFWYcna9GewV_AOjVukUHiFklKbtbETJhPWTrh7Thh-ZwvgjpMPiCslJUZNBqOEAKECNa0mCbdAFIwTa3Y5y-RWAuDd533hVoehG,22T,11,22T,10,1,,2026-03-13T01:29:23.933Z,2026-03-13T01:38:59.986538+00:00,/Users/praneet/Downloads/manual_two_run_tags_2026-03-13T01-35-14.861Z.csv
2026-02-27,49,AF1QipM0yvLYq5gh5dD0jBeZ7QVjN21Ze4e4PZTa41m2,https://lh3.googleusercontent.com/pw/AP1GczM7PiSEtK6d9-UdjXGsEFFBXOH3kMR1qHZYJRMDjuLJMSKARljMCp8YcJIzhIZYj-0EVSPCoWFk27_9AuW6ECvQl6rI7J6_iNDywaYzl85svI4yOoTY,23T,12,23T,12,1,,2026-03-13T01:29:26.267Z,2026-03-13T01:38:59.986538+00:00,/Users/praneet/Downloads/manual_two_run_tags_2026-03-13T01-35-14.861Z.csv
2026-02-27,50,AF1QipN5DqCCkcW274dmS91S3YUqca660Mf_KV-k4Uuu,https://lh3.googleusercontent.com/pw/AP1GczNTaJ-tSOVSpMxV6P65xAe8SNcw1JT4LVKF7AbQmYguVqn5y4tNTeGGlGZ917AZmHE9RLyGM30bQ-iPamIuRI1uJk-1HHsRzm4Gt2QHbaAFTbnKpaCS,24T,10,24T,12,1,,2026-03-13T01:29:31.508Z,2026-03-13T01:38:59.986538+00:00,/Users/praneet/Downloads/manual_two_run_tags_2026-03-13T01-35-14.861Z.csv
2026-02-27,51,AF1QipNODrVzJesRuXtXzBS4-drd3kbt24GJVefWTk2i,https://lh3.googleusercontent.com/pw/AP1GczNTS-bUm9nm0Hw0P5NlbEtHRYWEPNgF95SkbDkJ1J4tx57nYWzNMiMd9U-FU00TDrliiQCdVRLdDbFTDPw7jg1sO7q5ddLFvKmMSw5TvLMGoJFvCmaW,25T,12,25T,5,1,,2026-03-13T01:29:35.125Z,2026-03-13T01:38:59.986538+00:00,/Users/praneet/Downloads/manual_two_run_tags_2026-03-13T01-35-14.861Z.csv
2026-02-27,52,AF1QipNdeVT-5e36OTyiL2lMm7CBCmO9kGQLrkK_u0RW,https://lh3.googleusercontent.com/pw/AP1GczMX3e8-MVjyk91zng4gVqOtNGy-8qhIkH1rZfC458Xjs_iyCMGlfq7DAuBtc2wY2jSKMU7Xy3vKpErkvOZsMVl1uXZnYVGg2in9HghU9mZk4oJzYYnw,26T,12,26T,5,1,,2026-03-13T01:29:39.691Z,2026-03-13T01:38:59.986538+00:00,/Users/praneet/Downloads/manual_two_run_tags_2026-03-13T01-35-14.861Z.csv
2026-02-27,53,AF1QipPWgrm0c2e2ueay8ltxkNXZmYWr_MEy6B3wWNyW,https://lh3.googleusercontent.com/pw/AP1GczOfHQxNmKBdk7ZFHkOMlEGi496BC8jUarmCshEU_3KpOsrrXE-9o8SRQ6sT3ELgs0iMEmo1sHa3-SysAn8stONXBx6SopZhBF9isZhNVDX3Mmu4j0Ba,27T,4,27T,4,1,,2026-03-13T01:29:41.608Z,2026-03-13T01:38:59.986538+00:00,/Users/praneet/Downloads/manual_two_run_tags_2026-03-13T01-35-14.861Z.csv
2026-02-27,54,AF1QipNNWpiy8RVHX96LLFVf8jWo7bcfr96LcWxlhLoN,https://lh3.googleusercontent.com/pw/AP1GczMSHh1oMxqHzVlUN07FbSMcpjsWqxVjuCodRU71YxaUrEs5UrDGo2dqrhFj5j5EjXdurSa20rzTatYyg4LTpFXkP0db93AMiaJTB4eOBPcRj9Xu3HCF,28T,5,28T,4,1,,2026-03-13T01:29:46.087Z,2026-03-13T01:38:59.986538+00:00,/Users/praneet/Downloads/manual_two_run_tags_2026-03-13T01-35-14.861Z.csv
2026-02-27,55,AF1QipPl7rTGp9wwRZiLbaU7kO7c2HuMQ9t4Tpi1hSgo,https://lh3.googleusercontent.com/pw/AP1GczMRYWGmryb52EBT1UAO8SZEjuVm-NlKe9r2OGoYj-TJXC1BeFniWJ5jHv5YaJrAs8egHVSkqZE4cyoOpxlBgPu2VgAb_3nCNLkQVcaR4D9Kk7Ahiru8,29T,7,29T,7,1,,2026-03-13T01:29:47.850Z,2026-03-13T01:38:59.986538+00:00,/Users/praneet/Downloads/manual_two_run_tags_2026-03-13T01-35-14.861Z.csv
2026-02-27,56,AF1QipN537ybNXCCXSFj6NaQyygBKMS8sEZRVnfUYAhQ,https://lh3.googleusercontent.com/pw/AP1GczPwLEoLlIsnSbPckw0lN7WT-HCyeEyamNGNItnqKWZ9YIMC4fTg2RJWP15GoFjsnbdCgUaG-ui9GTOe1voY6afF9YQiTYdTu29eh1_1lAyIltESJrHA,30T,7,30T,7,1,,2026-03-13T01:29:49.016Z,2026-03-13T01:38:59.986538+00:00,/Users/praneet/Downloads/manual_two_run_tags_2026-03-13T01-35-14.861Z.csv
2026-02-27,57,AF1QipPgDMe3CWYmipAB-no13igQfPJRtD0OwTtO982r,https://lh3.googleusercontent.com/pw/AP1GczPL_UlZIqmWCRXreoAvF62QWFTXrEBM-geNIgKs8LVYUcgqv_Gr02OP1HkCNMEaq23UW49ymVsbqUYKYnFH5gxoHLFfXlLMDKVkfguUZPgaasi00r5_,31T,3,31T,7,1,anchor_fix=pot31_series7,2026-03-14T00:00:00.000Z,2026-03-14T00:00:00.000000+00:00,/Users/praneet/ks-tomato-trails-2026/docs/V1.15-PHASE1-MIDRUN-IDENTIFICATION-RETROSPECTIVE.md
2026-02-27,58,AF1QipPW_xrbboWWeCEJUDigNayqwBG7NHzHDD0oShYP,https://lh3.googleusercontent.com/pw/AP1GczMNSZHB4XRKLIzpLkXPYvWTjxdEHrXGHtfXDF0FMlGk1r56HuODaGe-oHpag-RbVhZGnBwOBOtKzDaw2gErXucV4qry4xhDqnUk9I1dpfoNpKGdgOWB,32T,7,32T,7,1,,2026-03-13T01:29:54.499Z,2026-03-13T01:38:59.986538+00:00,/Users/praneet/Downloads/manual_two_run_tags_2026-03-13T01-35-14.861Z.csv
2026-03-02,153,AF1QipOTuq30BPYRZfJ0opXVHK8nqT1jvaSCBEJ4iRkp,https://lh3.googleusercontent.com/pw/AP1GczNrq8hSgOG5HyQ6A1iTxFaqgdt8iY9m0XZHA6MDlh5J115Ris32UXHzuTKB9aKOoi4YHA4uFmFuZ1XIT1any80w3syfVMS7ujoSaCqOeC5mkw8teVQL,24T,12,24T,12,1,User review on 2026-03-14: suggested 24T / varietal 12 is correct.,2026-03-14T00:00:00.000Z,2026-03-14T00:00:00.000000+00:00,/Users/praneet/ks-tomato-trails-2026/docs/V1.15-PHASE1-MIDRUN-IDENTIFICATION-RETROSPECTIVE.md
2026-03-03,199,AF1QipP39bB_Cwr699fpwOMiyWjQsco8AsHnVZMpof26,https://lh3.googleusercontent.com/pw/AP1GczOtOCAjDdhLbw9otym-oHjAcPAP-II3EeCffqq0hn5QPqCQq-_n97ObFa5HRDznpkBF4gWDNS5FUbpybxg6hylcuaXjliD1YgiuXPLmcaFOUtGl_Iz_,8T,3,8T,3,1,exclude_row=1;duplicate_of_row=216;consistency_reconcile=duplicate_pot_in_run,,,/Users/praneet/Downloads/manual_two_run_tags_2026-03-13T01-35-14.861Z.csv
2026-03-03,201,AF1QipNMafMGt9Ar9jRET99PsNd5351wdg3-Hw5aSRPR,https://lh3.googleusercontent.com/pw/AP1GczPtUlZpsczEoNBMMoINPpgm3GHa0D4xDe5GODzLr3H86Bf3a5IHrmzJ7Rc1GVHTwVf_tp8T9-SPoV4744MX_Kh-0ueelUJFmKwXv0rJwV75I5C7ip93,10T,3,25T,5,1,User review on 2026-03-14: suggested 10T / varietal 3 is wrong. Actual pot is 25T with varietal 5.,2026-03-14T00:00:00.000Z,2026-03-14T00:00:00.000000+00:00,/Users/praneet/ks-tomato-trails-2026/docs/V1.15-PHASE1-MIDRUN-IDENTIFICATION-RETROSPECTIVE.md
2026-03-03,221,AF1QipN6Oa_15K2uCsM9IF9F3FqYkjFXEjspMaPNSb4e,https://lh3.googleusercontent.com/pw/AP1GczNlEF2VCRktaIj0HejGF1ujv-JZ1ExQhYKg8Gw2C0G_sZC3a4ZVaAajwS-JXZligXxvJuOcbIOPgb8-bLX1vX7J-itQ6Sv49sr_S2vW1HAPIFR3FEns,47T,2,30T,7,1,consistency_reconcile=phase1_midrun_row221_is_30T;missing_pot=25T,2026-03-13T10:48:00.000Z,2026-03-13T10:48:00.000000+00:00,/Users/praneet/ks-tomato-trails-2026/data/intake/google_photos/manual_two_run_tag_overrides.csv
2026-03-04,279,AF1QipPFLOkc1oLXJFJrtGo-3Uv8DEIvFRs6j44RkHkX,https://lh3.googleusercontent.com/pw/AP1GczNnPRvN9NfjZ_V3_1dqly_5Jp-cr9DwXPHvOle9Qc0R-_EO20lQrYpiSuvr1sGk_1ulzF435nHuvPbBiTcCOtlxJouCL_4Xf9QyQ83LleBm5p1Mj7wd,7T,9,7T,9,1,exclude_row=1;duplicate_of_row=290;consistency_reconcile=duplicate_pot_in_run;missing_pot=18T,,,/Users/praneet/Downloads/manual_two_run_tags_2026-03-13T01-35-14.861Z.csv
2026-03-05,335,AF1QipOKiQK9Sx5dyZnXt-nLTZ7ome9ESGr85mVapngp,https://lh3.googleusercontent.com/pw/AP1GczNFKh7xAhFiygpipuZj0v635rAfcvnfk_M2fN-KUSUfdbNL2qDCgIvt__iAyqgg8pnhAnHW0TLD2lCLwiH9bUgQY0dtAcEGE97lGW9nopJ82K62oPqK,31T,3,31T,7,1,User review on 2026-03-14: center pot is definitely 31T. Other visible pots include 20T,18T,and 19T. User later clarified that pots 29T through 32T are all varietal 7,so 31T should be varietal 7.
2026-03-11,425,AF1QipM3SQB7-6uddH56hVUC9pAPbi6rGebeje4WbBdk,https://lh3.googleusercontent.com/pw/AP1GczNkfdsB1NdXp9EfIfx7n3vJchtOSJKwhw_49REybzEuMUcnU1IdkbS9dbTh5zymqIvDoDWZ8k8gVo9wJxclJ2Q0v1VUIY7GZtf_N9YH6gcfwiQzKT2u,1T,7,2T,5,1,,2026-03-13T01:30:09.225Z,2026-03-13T01:38:59.986538+00:00,/Users/praneet/Downloads/manual_two_run_tags_2026-03-13T01-35-14.861Z.csv
2026-03-11,426,AF1QipPWVGFvcyIs2zcZa66TOcrZdhrpPzTb5jt_oPQk,https://lh3.googleusercontent.com/pw/AP1GczM7iRcuwP2N1DkDD3FxgtZzS1758xUjcMpszBTDfePAMCdHgVxSq69IzUtNhOFRvmhq7zO3W1hZShqOo1YSlKWteiXYoeoJRAfKDwQ8s_nOE0L948ei,2T,4,1T,5,1,,2026-03-13T01:35:14.859Z,2026-03-13T01:38:59.986538+00:00,/Users/praneet/Downloads/manual_two_run_tags_2026-03-13T01-35-14.861Z.csv
2026-03-11,427,AF1QipMRHF5v4p8ZyaYStSKU3X0GFWeOWk2QmC8eROc_,https://lh3.googleusercontent.com/pw/AP1GczPtPvSErb6CrsIVDgipA3GpASWLUMAfM6h-qjN-ejX-1o0JEF236SB0057JqsiIC-rHKJJIIeP6u9I1uieBVLXYJ4eMG7UcROIphfgmqZqJKaogQtsL,3T,7,27T,4,1,,2026-03-13T01:35:05.117Z,2026-03-13T01:38:59.986538+00:00,/Users/praneet/Downloads/manual_two_run_tags_2026-03-13T01-35-14.861Z.csv
2026-03-11,428,AF1QipPTGXQz_qzQvx7dGczyaadsT6nfDoWOX2Zs3E_d,https://lh3.googleusercontent.com/pw/AP1GczP1Iy1K8wXUNhzUdhMm7CUOJETQ2Xgy_HiCJSY9pysSovQl24SLGXNDvJ9yYco7CWUQ9lvLUxV4oglQvbuz6zNF-T8dCrSWk37IQ_zdarTzZaq_Raqf,4T,1,22T,10,1,,2026-03-13T01:35:00.725Z,2026-03-13T01:38:59.986538+00:00,/Users/praneet/Downloads/manual_two_run_tags_2026-03-13T01-35-14.861Z.csv
2026-03-11,429,AF1QipMsOFuYy_HglsNqohTBoXJgXg30f9AqeYuLi8En,https://lh3.googleusercontent.com/pw/AP1GczMkw9UGV12eGfIXDBLtnoaKnpTSknS4A93x7hq1boCCBSQYr1kJea5ftn3FdDX_TJErEW-a9n1rF3-eApBaECvQOQfFo2NGAJiiZ7mIg3JAZlJgcQ3-,5T,1,32T,7,1,,2026-03-13T01:34:56.762Z,2026-03-13T01:38:59.986538+00:00,/Users/praneet/Downloads/manual_two_run_tags_2026-03-13T01-35-14.861Z.csv
2026-03-11,430,AF1QipOs4fp4KOS2Nlg2Dnb9tFVlNow50tFZcOybDCd4,https://lh3.googleusercontent.com/pw/AP1GczNgjn81l1EVBgMkyRswMfSvZ-o2xLPie1wRywBny3UVnzuj2wOxKpP-_Rsc6eAihBgEBHp3mAKhpc2oJvUQIrbXbbiFzTPLojqzaK1vPWUjRj_nhC_O,6T,1,23T,12,1,,2026-03-13T01:34:52.442Z,2026-03-13T01:38:59.986538+00:00,/Users/praneet/Downloads/manual_two_run_tags_2026-03-13T01-35-14.861Z.csv
2026-03-11,431,AF1QipMPEGtr2PizZd_5KSsG4RdiR7zmzho6h1Pj5pqP,https://lh3.googleusercontent.com/pw/AP1GczORy21Kg80nkvMFIJLSwORwtJ3z7CjrLsOKNcknsW_jgzkPH4Xeja5ou5Df7I_IByJOc6Yg1md_2vwK4Oyl8Eov_y7GjbEFyVUuU98aka2SGRtGcMPC,7T,9,29T,7,1,,2026-03-13T01:34:44.159Z,2026-03-13T01:38:59.986538+00:00,/Users/praneet/Downloads/manual_two_run_tags_2026-03-13T01-35-14.861Z.csv
2026-03-11,432,AF1QipP2c5W6eDvXk1j0mcJclIl4kbXIYEQAXlUVOslu,https://lh3.googleusercontent.com/pw/AP1GczOzfS3oYzagulDYD6c2VP6QRLLkcONA0PY7JZfd_75R9yU5_U0UETPxqskHOx_7K9BtRD60mNpMK41mLZxUpKJdKrzNkynJXbt975AqzKyMpzL1dYUT,8T,3,25T,5,1,exclude_row=1;duplicate_of_row=435,2026-03-13T01:34:43.684Z,2026-03-13T01:38:59.986538+00:00,/Users/praneet/Downloads/manual_two_run_tags_2026-03-13T01-35-14.861Z.csv
2026-03-11,433,AF1QipP0I6pITmxKH5QgZOss3HAJ2nAxKMLAhTEDRmtV,https://lh3.googleusercontent.com/pw/AP1GczMawlS_a1hf3rIkIxhy4wzxu4-tfLQnXf6yhDnUwqrE_jWWraJJUdw40K1woEBAOEXM1RiJn_3LeGrlvYurvc6FwFc4hv9z3XzXJHWi0oSVwltZZYoL,9T,3,19T,11,1,,2026-03-13T01:34:43.242Z,2026-03-13T01:38:59.986538+00:00,/Users/praneet/Downloads/manual_two_run_tags_2026-03-13T01-35-14.861Z.csv
2026-03-11,434,AF1QipNrbdcWr2ieP9FHx0NB8hxgBx2U4kYKjx7nfm_9,https://lh3.googleusercontent.com/pw/AP1GczNX6-DzOjYTJOk3SWrf44P1u2Rudda8nspQ5CcDq-u-6HkOErbFlG3uOAWnbo8rkoY1U6JO2D9uVJ5PynJvbI8B9pY8xwyH-9hTFYiyRj5PoZ9MVOgT,10T,3,28T,4,1,,2026-03-13T01:34:42.784Z,2026-03-13T01:38:59.986538+00:00,/Users/praneet/Downloads/manual_two_run_tags_2026-03-13T01-35-14.861Z.csv
2026-03-11,435,AF1QipN0TzFuLAJZONmxGpoliTaDx7-FYF5oOQJ--tZk,https://lh3.googleusercontent.com/pw/AP1GczNlFHPn7dzBmjUgVzHHu1Dwjl9X0HWdkF98v5Nmsk0VvT5aB5YF01IpPIdpY8X6SNvACoKWujjxaCIygohzzb3gHfKcVxbnY10hf83anMa8cztc3GUH,11T,3,25T,5,1,selected_for_25T_reference,2026-03-13T01:34:42.292Z,2026-03-13T01:38:59.986538+00:00,/Users/praneet/Downloads/manual_two_run_tags_2026-03-13T01-35-14.861Z.csv
2026-03-11,436,AF1QipOMFZBiSSAojmC0MBW1F06JB_Su5YxZIsoGjPnx,https://lh3.googleusercontent.com/pw/AP1GczN06mVA3gSSr786HmbPWcb8JGgmdh-zvSE5XYny0V2mAOzhm8WwSg7O6LBhdWMcoDbtMA0GQCt9J9ya32HwgTvncdHl_fhXR5e1eEshBEUgcsChctVn,12T,3,18T,11,1,,2026-03-13T01:34:41.792Z,2026-03-13T01:38:59.986538+00:00,/Users/praneet/Downloads/manual_two_run_tags_2026-03-13T01-35-14.861Z.csv
2026-03-11,437,AF1QipP3XLaAOrlPr9gPTeJ_UXd2wlOUYO6bjQO_9ImW,https://lh3.googleusercontent.com/pw/AP1GczPk_BQUqBVvFg9o-A9_aqPmZF_n9yDaURBz1oOHE5Cx4pGtdbzLWdFTRiu6Ep0OpKac2dCIFDKLn95SdAK42oIoty5bzjOHFn7AeJGJUTDwulQ9rY5Z,13T,1,20T,11,1,,2026-03-13T01:34:41.342Z,2026-03-13T01:38:59.986538+00:00,/Users/praneet/Downloads/manual_two_run_tags_2026-03-13T01-35-14.861Z.csv
2026-03-11,438,AF1QipPH7kRII9ejSZD7qNOJpXAXpnp1gvIMPoOTn1d4,https://lh3.googleusercontent.com/pw/AP1GczPrF8RHI6uzQ9nPe_TkFJsYzC8nuqxCKmsQQ8OKHkci_zL8hBhls4NmiUi-fn5mbOBLfKOfANrO-eiBYIYPTWc-yZ6QOlMShtNUOAjuS76wXegPTNit,14T,3,24T,12,1,,2026-03-13T01:34:40.934Z,2026-03-13T01:38:59.986538+00:00,/Users/praneet/Downloads/manual_two_run_tags_2026-03-13T01-35-14.861Z.csv
2026-03-11,439,AF1QipNJzqqsYOTPlozy2BZ70dLA1zn6LxB7hLUundVw,https://lh3.googleusercontent.com/pw/AP1GczM1l2h23efyYOEpGypP_uL59JMHNgTUgfwt_Cm_Z-d_iQZgn9PgOwC4JqXZJcQ7tofxFWG0IyXl1dl8gMX9Td7dsKf6_uRSdkr10-ZZPhd26d05N3aq,15T,4,30T,7,1,,2026-03-13T01:34:40.550Z,2026-03-13T01:38:59.986538+00:00,/Users/praneet/Downloads/manual_two_run_tags_2026-03-13T01-35-14.861Z.csv
2026-03-11,440,AF1QipMjUQ2wye2W-69Chl8sJYsTIdnNPMkTWElNX16v,https://lh3.googleusercontent.com/pw/AP1GczOd0-3ZThrSAeZ-61fRrMNfnuhebb4mZ_AqYKHyBia61mtA3_3qoUnaZ9f-4BI2oWBLX6bAxkmF8lF3eTvEgyxelX_83U-BzlxSBo0_M6xGXr23k16g,16T,5,26T,5,1,,2026-03-13T01:34:40.175Z,2026-03-13T01:38:59.986538+00:00,/Users/praneet/Downloads/manual_two_run_tags_2026-03-13T01-35-14.861Z.csv
2026-03-11,441,AF1QipNq8mzeuMF5iIL6REj5ueLeW10ppUy0jjJP1nC_,https://lh3.googleusercontent.com/pw/AP1GczM_SjkX87vC1nMNDgzfmy38pF8Ds3-4VwBraKBamDx51bpGnPppdMriaGtxS-FCjksQSuyKztu8Mr30jF9SWXLIU-zfCrUUif8FyPzFpIC2YO6LNEp_,17T,6,31T,7,1,anchor_fix=pot31_series7,2026-03-14T00:00:00.000Z,2026-03-14T00:00:00.000000+00:00,/Users/praneet/ks-tomato-trails-2026/docs/V1.15-PHASE1-MIDRUN-IDENTIFICATION-RETROSPECTIVE.md
2026-03-11,442,AF1QipPaZOTo6UGdG7Xu1Q9IPF3DPdPF_evz74bM1ajj,https://lh3.googleusercontent.com/pw/AP1GczNs5pDop3U1dqx6WhH8BiOZWoNbYoh68kkpIpOYK4m5f0hvlbmOndS5_XV6JvXTCfxjkjQ6zp-eX5a20ZfhjkWuQd5oRsJDIVyepNOE7fDCDFDfjMH5,18T,7,10T,3,1,,2026-03-13T01:34:39.401Z,2026-03-13T01:38:59.986538+00:00,/Users/praneet/Downloads/manual_two_run_tags_2026-03-13T01-35-14.861Z.csv
2026-03-11,443,AF1QipOgIFZ9tBItB4LVsfNo6qyz6EMWOcJioKodQCfs,https://lh3.googleusercontent.com/pw/AP1GczPh7taTIHIJcnGA_Jv3hB0ra2bCDrt9r_HmIwnU75BsRRcjrllb_j-PbkyYBne2sz5WsZvhp9WNrP43tfMSBsmIh4o5dzsmVxURVIzN7IJYG6ahGoOS,19T,8,5T,1,1,,2026-03-13T01:34:39.026Z,2026-03-13T01:38:59.986538+00:00,/Users/praneet/Downloads/manual_two_run_tags_2026-03-13T01-35-14.861Z.csv
2026-03-11,444,AF1QipMyB0YYgkxe-Y8UO8qiLBqBMIkap-pAkL-Fajtd,https://lh3.googleusercontent.com/pw/AP1GczPW1i8kne41lngZAdk7n_YVSTRu3Wkr01NpoJMRrKF10aEBoNOTK2xaf11Dy5XNgkWW48JJqhTBiJ4fr66rM-jTX9CqRFOkHIo91-h9wuzLTBYQ5fpb,20T,9,6T,1,1,,2026-03-13T01:34:38.675Z,2026-03-13T01:38:59.986538+00:00,/Users/praneet/Downloads/manual_two_run_tags_2026-03-13T01-35-14.861Z.csv
2026-03-11,445,AF1QipM7ZfLUpNlD9b-dqZ-Jq78bm_6Pb13IRFSKL2ZV,https://lh3.googleusercontent.com/pw/AP1GczNZ4HUHJPe27T1I-6WwU5feUftiYjr3gptsvSl2FdaEX4R6G8x7gY7UBGsT4pOklTK6abGabQ8jbnktFZDyAli8XM_t1hnOK2vOLFxa7Sg9Qe-_EhD-,21T,9,9T,3,1,,2026-03-13T01:34:38.301Z,2026-03-13T01:38:59.986538+00:00,/Users/praneet/Downloads/manual_two_run_tags_2026-03-13T01-35-14.861Z.csv
2026-03-11,446,AF1QipMCkmwsuqa3pYy5UlR5IDx-vuiUjmZnNkpH4-3-,https://lh3.googleusercontent.com/pw/AP1GczPUD5iQUsRf4Hnn04Ah_hYXDzIPHlJNRKX_p3W-VAHxT2pkq0dhu5_g_fD-OsbZNKZxrWcWuTUBvNg87EH4wudm-bLgHKIRcfVFNN7nKNbopCK3pe3n,22T,11,7T,9,1,,2026-03-13T01:34:37.967Z,2026-03-13T01:38:59.986538+00:00,/Users/praneet/Downloads/manual_two_run_tags_2026-03-13T01-35-14.861Z.csv
2026-03-11,447,AF1QipOEEWa3kQCf6FT6eQgYgnX_Zo76_0kN-KGLqvLs,https://lh3.googleusercontent.com/pw/AP1GczOdXtRw9sF1kQPtv8b5rMcW2y49JQC_SskbjVZCkLgQR936gI9fgNJ8vSXxzPvtesSYkHGAO9c3SiA5ME4VWNNV-yaadFSrHMm37vkn0EIR0IvLjILL,23T,12,8T,3,1,,2026-03-13T01:34:37.634Z,2026-03-13T01:38:59.986538+00:00,/Users/praneet/Downloads/manual_two_run_tags_2026-03-13T01-35-14.861Z.csv
2026-03-11,448,AF1QipM7_pMWVGTZ_xV2MSWihe-CnW8vzALixwAU7srq,https://lh3.googleusercontent.com/pw/AP1GczMOKksUETxIQBh2V21wqbPTq8k3iOw4vwL5Hy5w5qc2yPUF9hl-2eJAnU9iwEKE3-fyyOmxcO2UTfbVl3ZSJccN9fh8rwVKwjrHpv-vnbpeq1VEXOOM,24T,10,15T,6,1,,2026-03-13T01:34:37.309Z,2026-03-13T01:38:59.986538+00:00,/Users/praneet/Downloads/manual_two_run_tags_2026-03-13T01-35-14.861Z.csv
2026-03-11,449,AF1QipPiFscP_XsoFilUeOdImxQeQECVqnAU4Go5M656,https://lh3.googleusercontent.com/pw/AP1GczMZldMQ3BvrXLu4pSo1sF5wWGMrvXG-nn4982UUpDDvSXP2nG9QWQjqBaYMJrQdCO5LQkrbQl1X9WvpJowOrZziojtUb14HV4IOuqUiGifOFgp1wBU7,25T,12,4T,1,1,,2026-03-13T01:34:36.759Z,2026-03-13T01:38:59.986538+00:00,/Users/praneet/Downloads/manual_two_run_tags_2026-03-13T01-35-14.861Z.csv
2026-03-11,450,AF1QipPkak4sddP9A5-TF5zVK5D6g7uVqNIJmV0HzlUx,https://lh3.googleusercontent.com/pw/AP1GczP8Xll61odEvCTFnow1kdgDSK2lnD8whdiTHi8bgHzKqOiAZpMmbz6UoiyFjrCdwoRoxl2rDj1MAJBjR1xvRc9ube_ZBmHmjWIohFRPn9US97dUIuL9,26T,12,3T,1,1,,2026-03-13T01:34:36.425Z,2026-03-13T01:38:59.986538+00:00,/Users/praneet/Downloads/manual_two_run_tags_2026-03-13T01-35-14.861Z.csv
2026-03-11,451,AF1QipNg73hgujzaXFZR847_QcKB_bArbiO_KE_tQDYh,https://lh3.googleusercontent.com/pw/AP1GczPJWupQDYB42Vjj5Z1HcU1T5JDVqp5GN9KGsyRxcTGcZebtf00oWf1sUPt1xl56RrE8YdUkBx8y5tgj-x0QtUHjKOpSJa4gClWULG5NnFO4US8e1Rs8,27T,4,12T,3,1,,2026-03-13T01:34:36.109Z,2026-03-13T01:38:59.986538+00:00,/Users/praneet/Downloads/manual_two_run_tags_2026-03-13T01-35-14.861Z.csv
2026-03-11,452,AF1QipMtyrSnEhCNZ7lOhmdDcmkOLKpvFv_Kfdzxj2eg,https://lh3.googleusercontent.com/pw/AP1GczOP0L1THnysd7Ca4sieY5XPYF2-sgC7wB3Cz_rppi6Ku7tJi8EIVa1H-E3_QYoaaye6eFPAXJosglKtfYq3aEt3BBMTlKFg4bG1vDjOUOeSmuOS2z0h,28T,5,13T,6,1,,2026-03-13T01:34:35.809Z,2026-03-13T01:38:59.986538+00:00,/Users/praneet/Downloads/manual_two_run_tags_2026-03-13T01-35-14.861Z.csv
2026-03-11,453,AF1QipODhpazpBAnFPY64_AdtG1H1smJeDSckRie6i7-,https://lh3.googleusercontent.com/pw/AP1GczOyU_f_kJw6nKrNTljD6Muapo6FBN_Xb4ZbsXpcdFEFTI0O3YRHrmInkvmnZaYmqfoPI-VLvPFwjLK2wNhZVPadxEEfrom8FS660Dnsqq9XaHxR6NOs,29T,7,11T,3,1,,2026-03-13T01:34:35.401Z,2026-03-13T01:38:59.986538+00:00,/Users/praneet/Downloads/manual_two_run_tags_2026-03-13T01-35-14.861Z.csv
2026-03-11,454,AF1QipNlu1ohiyTrQkbVwdijteBJv-ABufY21PPAMjUm,https://lh3.googleusercontent.com/pw/AP1GczOe2AFDHW1VU2N_mZf-FLLRhb-7CSp4yLbntCC8fwX4oM3B6kMI_dgVQrT0gq6wHiFNoIjXxr9_G6wVXcjIl1EoNJvpqcD9S4NUjnbQWvt9CZ4YZXwj,30T,7,14T,8,1,,2026-03-13T01:34:35.059Z,2026-03-13T01:38:59.986538+00:00,/Users/praneet/Downloads/manual_two_run_tags_2026-03-13T01-35-14.861Z.csv
2026-03-11,455,AF1QipOsNhzmbFuUwXY3oplQxZUtErfwJlIUC3OBIs0F,https://lh3.googleusercontent.com/pw/AP1GczPrFsY7G7KPfEsYJ49bamMKU3UjuLCFXMjmAgAwEVC_YXzYlqm14JFMSiZFzg39uhHuPIgNM7os0wXtnJrGFi3NlOnB5qlO0JiTkxM0TwDgyJ3lLort,31T,3,17T,6,1,,2026-03-13T01:34:34.692Z,2026-03-13T01:38:59.986538+00:00,/Users/praneet/Downloads/manual_two_run_tags_2026-03-13T01-35-14.861Z.csv
2026-03-11,456,AF1QipPu7gHVsU2gfK3RC3TBy5eQ63UUjRSSjy7SOZvL,https://lh3.googleusercontent.com/pw/AP1GczMnqfV_qIKrgkFVwFZMoVqqcA7XV61u6YlBoaUNRX3-kjvA6_1vuk1hN4HlEheHSOJuimCQlpULxxfCNHSRGHj3_xx3uS9BDs81iSFMNavf5Ztc0zOC,32T,7,16T,9,1,,2026-03-13T01:34:34.326Z,2026-03-13T01:38:59.986538+00:00,/Users/praneet/Downloads/manual_two_run_tags_2026-03-13T01-35-14.861Z.csv
2026-03-11,457,AF1QipOlLwb7tdrSE2phpynRZzd5s2127vNKbC98ppGb,https://lh3.googleusercontent.com/pw/AP1GczM7PcF4jOvymTCpDy1X7hgTUg_bH2QcPEJpxLc2iyS75xfYOPFQTNNe5ByxAUh0VrXb7CP0Yn1bLafcxsEimwu4acPhS8MjouGb3YkmrriTsEGL73Or,21T,11,21T,11,1,backfill_21T_latest_run,2026-03-13T03:47:05.934735Z,2026-03-13T03:47:05.934856+00:00,https://photos.app.goo.gl/4VKvA7FkcheXN2uv7
2026-03-22,458,AF1QipO2x8r1UvdaKbG9VDU_A8joqBOb5s4UGc_IRWCu,https://lh3.googleusercontent.com/pw/AP1GczOMmDGGcfzGADbJKljNgjEXRA55h4DaM-V-3e1u9cNPJeshvPfdPx1Mmy4FHe59ROY5bIDCiFff0qdiA2aJmryNOt_9NnnPrbiGUzXvs2KLmA0z8nJc,,,,,1,exclude_row=1; phase_boundary=pre_phase2_reference,,2026-03-31T00:29:16.374165+00:00,/Users/praneet/Downloads/hard_row_review_2026-03-24T02-11-01.739Z.csv#prephase_exclusions
2026-03-22,459,AF1QipOj1TE2T6f3igBpq2vHTepNlQQ1UrIU2Q0WEqHT,https://lh3.googleusercontent.com/pw/AP1GczPN503LL9XNkCUDKG_AgdipDr7n10-jU61Xzf7YNf7q5UvEX4xpkMOJyKeot-AreUPShVwStUKWN5YKRPQGg1tfdxQYe6UjmU78l5nb4vn6b9azgll9,,,,,1,exclude_row=1; phase_boundary=pre_phase2_reference,,2026-03-31T00:29:16.374165+00:00,/Users/praneet/Downloads/hard_row_review_2026-03-24T02-11-01.739Z.csv#prephase_exclusions
2026-03-22,460,AF1QipMhhw9ZnfrGToxJl2UEC0D4HrrMrVSPwmJF-EA_,https://lh3.googleusercontent.com/pw/AP1GczNWmV1yHu3o7J6mQ8SqgvI42Alj-WZskXynxYCWMLTKErf_abKs5-N_nnL5Yh98lyMam_Z40iRPgK3TaeIIsroibI4dNMhS0aEUf0qCBMWME8kFKerF,,,,,1,exclude_row=1; phase_boundary=pre_phase2_reference,,2026-03-31T00:29:16.374165+00:00,/Users/praneet/Downloads/hard_row_review_2026-03-24T02-11-01.739Z.csv#prephase_exclusions
2026-03-22,461,AF1QipNLSqZvajlG98HV4qcUrXWwZmadTS7kEc-n6WCm,https://lh3.googleusercontent.com/pw/AP1GczPEf5Ou7j0dD6jVQPDD1L_bvnhwwuZ52W4Eso-AV53AYUiZJ6ARe789VaTEOoMMcbyXUbMdRtBRR7k_Ig7p6z318VFL4aXh8Ykrp6VuPlHfRE2L1GUn,,,,,1,exclude_row=1; phase_boundary=pre_phase2_reference,,2026-03-31T00:29:16.374165+00:00,/Users/praneet/Downloads/hard_row_review_2026-03-24T02-11-01.739Z.csv#prephase_exclusions
2026-03-22,462,AF1QipMXVkLrT4EhS5ciNfZYyGE9it5C-trE3vwU65pk,https://lh3.googleusercontent.com/pw/AP1GczMxUdBZAKRSlA9IVk3w1qCFDyLvtQeA4GI5Wdjr8O4kFnb5zRTbcfVEw-kBJM2c89LL_hTm9sJXKPl_8Cj9fxblZTEO2giXf2DrMv9xc4GbDhPFGKRW,,,,,1,exclude_row=1; phase_boundary=pre_phase2_reference,,2026-03-31T00:29:16.374165+00:00,/Users/praneet/Downloads/hard_row_review_2026-03-24T02-11-01.739Z.csv#prephase_exclusions
2026-03-22,463,AF1QipMatMLxt8Y2_YTHWzXLhH3cgAr97kKOJRr2DFbu,https://lh3.googleusercontent.com/pw/AP1GczPRYBGtX4LhHB_AIAKsOr-JIgyzyUfisLRHBznldwtopQ_aiSKhxIy5Mh27nVI7eSXwKeWWQOisdOH8pkuKsHBWvXHCNH3wRQBzGJ0nSjFPVUOFIAbu,,,,,1,exclude_row=1; phase_boundary=pre_phase2_reference,,2026-03-31T00:29:16.374165+00:00,/Users/praneet/Downloads/hard_row_review_2026-03-24T02-11-01.739Z.csv#prephase_exclusions
2026-03-22,464,AF1QipMilWvXrA114a7PpdB55bOSdVZ86FFV1falmUIe,https://lh3.googleusercontent.com/pw/AP1GczMouETIDCoR0PelrF-x8lVPZLUcxJaByYKHL62wBIN9WdwCPmn6RmkqvxeyBu9lNaxu8rfssg_OvqVGkLe2-0wn7qtowA5HZnLUxzA310NVzRmEquEu,,,,,1,exclude_row=1; phase_boundary=pre_phase2_reference,,2026-03-31T00:29:16.374165+00:00,/Users/praneet/Downloads/hard_row_review_2026-03-24T02-11-01.739Z.csv#prephase_exclusions
2026-03-22,465,AF1QipP39y2tOnUt_gXFURzNPJHwCkjJxnGRxU74YAKU,https://lh3.googleusercontent.com/pw/AP1GczMvp5j-H8qnoev3r3LeoZrCKkD3aWjqJpcr44V9HrgIevmshgdK67XyLG7L56GZZe-iP9Gg6Ihj_VT-yTLGK-_MRQgaK8D0glXct4NDpt35aNxVawoW,,,,,1,exclude_row=1; phase_boundary=pre_phase2_reference,,2026-03-31T00:29:16.374165+00:00,/Users/praneet/Downloads/hard_row_review_2026-03-24T02-11-01.739Z.csv#prephase_exclusions
2026-03-22,466,AF1QipOihHWtigY20S8OE4j-JmTjVbUKFiHl2i18E6K9,https://lh3.googleusercontent.com/pw/AP1GczM9Fr-QZhB0XaT0QJMaLpelXuLy1c53dEglYT6UqGjGdsS9r9j_FTESorAMm6KLaHdYJCTkmKCwsV8-tU4jkPCuYjBHVzeDtEHdr-pt3oqoZO_dX2jo,,,,,1,exclude_row=1; phase_boundary=pre_phase2_reference,,2026-03-31T00:29:16.374165+00:00,/Users/praneet/Downloads/hard_row_review_2026-03-24T02-11-01.739Z.csv#prephase_exclusions
2026-03-22,467,AF1QipNRpJ0zcoGqe_vWSbiZkRS-YZC4gv9y0bVwn8yJ,https://lh3.googleusercontent.com/pw/AP1GczPvxpHQkR_1kWNzl_-HwVxljY5jQ7m9dPMF3YBTUXnJctFbUNIff3Q03nMv3QyhzImPu4MR8S8rr6ycEWRgwuwFfjyg5lvXm6ROLJDTQ0WkFYk1BDYX,,,,,1,exclude_row=1; phase_boundary=pre_phase2_reference,,2026-03-31T00:29:16.374165+00:00,/Users/praneet/Downloads/hard_row_review_2026-03-24T02-11-01.739Z.csv#prephase_exclusions
2026-03-22,468,AF1QipPaB4F6QIESxVIoZSZuCNOEEcwRrg_1WB12nqmg,https://lh3.googleusercontent.com/pw/AP1GczNvgwsvye95mIe2nQVUQWjVL0RqzIZkstqfB_xTRWFPdxauVRA5nsvE0bHTHmZjEvnnVOFsbQmQvydss-PDoyWACUYtodb__wyv-J4IJxjdW-UprvjA,,,,,1,exclude_row=1; phase_boundary=pre_phase2_reference,,2026-03-31T00:29:16.374165+00:00,/Users/praneet/Downloads/hard_row_review_2026-03-24T02-11-01.739Z.csv#prephase_exclusions
2026-03-22,469,AF1QipPDdbUgeOfgITN7aITW7CQB66H6O4zOKsukC5wO,https://lh3.googleusercontent.com/pw/AP1GczPaaO2zbcjh5VFdqnxj--1EWiZhMfKRiYxmYc4zortiOfWSy9R_oUFauDHMXBLHwVCKUthciOxZzMzT1wWj76FocTodim8-8E07ftr9eOIve_5baXsW,,,,,1,exclude_row=1; phase_boundary=pre_phase2_reference,,2026-03-31T00:29:16.374165+00:00,/Users/praneet/Downloads/hard_row_review_2026-03-24T02-11-01.739Z.csv#prephase_exclusions
2026-03-22,470,AF1QipPqtH-PF4Jf67s42XlGGLbstHHYOkWtM2tLXdQ8,https://lh3.googleusercontent.com/pw/AP1GczME0lP0B5FJ8YN68ivtbSU-PYW2qvCsGm7kH5Yd19gpEZxZgLltluTd_pU1cVr5Bpgl0VRqKwdA7fM8PmNe217d8v0FIF6kasFP_V8NCJkOE9Z-3ocK,,,,,1,exclude_row=1; phase_boundary=pre_phase2_reference,,2026-03-31T00:29:16.374165+00:00,/Users/praneet/Downloads/hard_row_review_2026-03-24T02-11-01.739Z.csv#prephase_exclusions
2026-03-22,471,AF1QipO75ZIMYSWmXgiwjN0rhLWOxO_dXPZu74NQcV8b,https://lh3.googleusercontent.com/pw/AP1GczN8U1IBNEWKlZg0w7lyAdt8ZsTpeSnz3KkZgbvetaUv0IUSHm3F6N04ES1qS5csGwxWXbUjt7I77RTQfBMD2UhLEGopI3r6NG6ey56e_wAWvJda-BaT,,,,,1,exclude_row=1; phase_boundary=pre_phase2_reference,,2026-03-31T00:29:16.374165+00:00,/Users/praneet/Downloads/hard_row_review_2026-03-24T02-11-01.739Z.csv#prephase_exclusions
2026-03-22,472,AF1QipOWW9cWWz29yADwNIz6Vrj5-GtsGznRigRmWkL4,https://lh3.googleusercontent.com/pw/AP1GczPDKeMc804C01A9FTBjNTE2oX9DNhyohUIpR6jH3HJM-G7vT3Dl57k0ccYszeetTrp_mFtkWDNoiA82bVpcHwo7qNBvatEXxOPb33w8rVGWKhyiLXw5,,,,,1,exclude_row=1; phase_boundary=pre_phase2_reference,,2026-03-31T00:29:16.374165+00:00,/Users/praneet/Downloads/hard_row_review_2026-03-24T02-11-01.739Z.csv#prephase_exclusions
2026-03-22,473,AF1QipM98o1r-c50DhlCu0PIgl6bGsFFqfp9D8dSZUl7,https://lh3.googleusercontent.com/pw/AP1GczM1xvOvbb_U6m-DdPB3QQ5aewL9UZTdnW9fQ2MGRXZm0lP00VTjZbX91TjtQ1uxDMVAOAEzZZZA33p4sNLCg5E6uwuP9k84Ih1IsADfZ6LaI5z-lxZc,,,,,1,exclude_row=1; phase_boundary=pre_phase2_reference,,2026-03-31T00:29:16.374165+00:00,/Users/praneet/Downloads/hard_row_review_2026-03-24T02-11-01.739Z.csv#prephase_exclusions
2026-03-22,474,AF1QipM-z52drsnSKxFPrj1ThnwBPQq_PY8YxUK5iKWb,https://lh3.googleusercontent.com/pw/AP1GczMTYlGQYmb8WHFboX0ePKQalHrtsaBUj6l5K4HMWhrYDJvcj0hVCKvMwMerHRFp9pAR9qOzzGtxVApZND0RJ1UMRQvkRmovr9TM0LtGLoteDDEa3xup,,,,,1,exclude_row=1; phase_boundary=pre_phase2_reference,,2026-03-31T00:29:16.374165+00:00,/Users/praneet/Downloads/hard_row_review_2026-03-24T02-11-01.739Z.csv#prephase_exclusions
2026-03-22,475,AF1QipOv6zsN9fusMzeJKtA4FNm2L55Xs3fQHahFDYbp,https://lh3.googleusercontent.com/pw/AP1GczMTog7Mc038EcbOcYZ4RH5IPfgxro0U6pCtd8IxQ2vQ6p693c8jk8GBxGa0IXGygw-MosoAouV4ZtyQ7VueEyIGo4cNpn0xxCpuMhkXD2jmCHe0JlvU,,,,,1,exclude_row=1; phase_boundary=pre_phase2_reference,,2026-03-31T00:29:16.374165+00:00,/Users/praneet/Downloads/hard_row_review_2026-03-24T02-11-01.739Z.csv#prephase_exclusions
2026-03-22,476,AF1QipOrtmqE_Lfv8WiihpCqCWxLSB-BHTFjPr7ocsug,https://lh3.googleusercontent.com/pw/AP1GczM8ZUKgdnw2XMSoN_OpXQTZKL7xg1RkO2w3zbDQoHOZT3wpAJWL4-OVtQ6Qb_VdoRaMUZaoJQyeWU7_6k3Tz2PyIXx13seO3CMbrmQfqxpqD4wvqZGi,,,,,1,exclude_row=1; phase_boundary=pre_phase2_reference,,2026-03-31T00:29:16.374165+00:00,/Users/praneet/Downloads/hard_row_review_2026-03-24T02-11-01.739Z.csv#prephase_exclusions
2026-03-22,477,AF1QipPjDwBc5lX3R6-juftuHzXJ8B9eYpg16_H9TbAh,https://lh3.googleusercontent.com/pw/AP1GczOt5jzfwLslK7kUjjZe5fQBBN1L-hwH9pqyz2wxvTn9-7aciGKNChl5wZpFQuHBARtPtfba-R3JO109BrTXRMVyHUs0YfzuX-VZnkJkthad2S5w6dHh,,,,,1,exclude_row=1; phase_boundary=pre_phase2_reference,,2026-03-31T00:29:16.374165+00:00,/Users/praneet/Downloads/hard_row_review_2026-03-24T02-11-01.739Z.csv#prephase_exclusions
2026-03-22,478,AF1QipN_bZsQipRxwT8sAeZcy_RBFUIx4PdgZLvFba6w,https://lh3.googleusercontent.com/pw/AP1GczPdFanPvb410S6qp_yGOBqDBkfcYf3L3UvJBHEZu2gZUr0RMSfyervCOpY2THksbQtWitOfooiKxgGgIiBGJK-0St1vUyMUNdffjuzrqTxCKI9Q4Lku,,,,,1,exclude_row=1; phase_boundary=pre_phase2_reference,,2026-03-31T00:29:16.374165+00:00,/Users/praneet/Downloads/hard_row_review_2026-03-24T02-11-01.739Z.csv#prephase_exclusions
2026-03-22,479,AF1QipMrl9Dn-V9xXkQNy_5CDqPYRx9nHaIJtLNgUnei,https://lh3.googleusercontent.com/pw/AP1GczMsnmt7ddRAks979EBcq3h-wGeAOlZ6lBaFYkbAH-kLgMwEnYCQkzZowR_9iVsAarWVFPJqvpXrJzmt0HXl9xgwf06-g-SJY1VErDQGjRtxOLUMIS2Q,,,,,1,exclude_row=1; phase_boundary=pre_phase2_reference,,2026-03-31T00:29:16.374165+00:00,/Users/praneet/Downloads/hard_row_review_2026-03-24T02-11-01.739Z.csv#prephase_exclusions
2026-03-22,480,AF1QipOtUzPpsj3lsjRxNaZJa4bFcv7C70gwNjpTV-bn,https://lh3.googleusercontent.com/pw/AP1GczOSjbOpudXflzkXiHiMRx77JboanChYnKqDhjlwkJ5jMRu4sWhoOxMPgYPT9CX64VfQk4wWQrnB_9Svj8AmyRcj05oVe1AAk19fGP5c4NrVzs77d6-F,,,,,1,exclude_row=1; phase_boundary=pre_phase2_reference,,2026-03-31T00:29:16.374165+00:00,/Users/praneet/Downloads/hard_row_review_2026-03-24T02-11-01.739Z.csv#prephase_exclusions
2026-03-22,481,AF1QipNWZ8BmElq0eHY2MNJ94MFouWjr2s0rfWV8p9Bv,https://lh3.googleusercontent.com/pw/AP1GczM5LUKOaA-K_kBDbb_AGy3a5w-I8cvKNH6WYJtM4xZCMWBDZ3e4ZxwF4Ut1eyZ83IzPAtYdI18TvYrNYRIpn4m0VcBrxyuvgObtJbeUds7MZvTgfQCj,,,,,1,exclude_row=1; phase_boundary=pre_phase2_reference,,2026-03-31T00:29:16.374165+00:00,/Users/praneet/Downloads/hard_row_review_2026-03-24T02-11-01.739Z.csv#prephase_exclusions
2026-03-22,482,AF1QipN5UmlQcI2uO_OaPJykiY6gfVMxMOasAe_gEXC7,https://lh3.googleusercontent.com/pw/AP1GczOOVQZAj5K5w0EoQoNuys49htinspVCJsjFb92FVkNa-RKwYp_8psnUfOCemffl6OEIxsGzojmZmqK4JLn9zyN2wgR_SOzdqzciualKzGdCnSEYdN6R,,,,,1,exclude_row=1; phase_boundary=pre_phase2_reference,,2026-03-31T00:29:16.374165+00:00,/Users/praneet/Downloads/hard_row_review_2026-03-24T02-11-01.739Z.csv#prephase_exclusions
2026-03-22,483,AF1QipMMC63yRvY9lEKtnHHbXt1rrv2DaEhIqg56ZmrK,https://lh3.googleusercontent.com/pw/AP1GczPGFc089CBa1T7QA-Py-TewUur37gOYFKGFgfU57O2w9MROCUl2ghho_7GVoiEGRzAPTRyxqF4VXTjfedRWJw3PIZszaDFUU19Ahmf4zf0lsWS9DID5,,,,,1,exclude_row=1; phase_boundary=pre_phase2_reference,,2026-03-31T00:29:16.374165+00:00,/Users/praneet/Downloads/hard_row_review_2026-03-24T02-11-01.739Z.csv#prephase_exclusions
2026-03-22,484,AF1QipPIpLHKrbV0GqW29gs2NmxfGa6Shh4SHbYJOWz_,https://lh3.googleusercontent.com/pw/AP1GczP-svOS6Q1sXXgMVnq4yDDxFadR8QU7mckl5HB4dmpMpO5mBgB5zU1BX208B0g3VeEBy1jEHel875JkFtsg9WrmKY-zYv_qSCVWSMjxctsoU1TG0dJI,,,,,1,exclude_row=1; phase_boundary=pre_phase2_reference,,2026-03-31T00:29:16.374165+00:00,/Users/praneet/Downloads/hard_row_review_2026-03-24T02-11-01.739Z.csv#prephase_exclusions
2026-03-22,485,AF1QipOF2wK69ZLy-qADzWezK_7-JVv7o4pnY1aChTtd,https://lh3.googleusercontent.com/pw/AP1GczN3RFw9l4ylGVF9r8OKD4QAW71-GiQa3Y3ysKdHZpmVMJt3eOXf-CnmVFEFQ6P8tIPNTfyX-hzMjMdeOzR0zYfzxDZiJ5czK3nIziJ6dhTdzP5adH4c,,,,,1,exclude_row=1; phase_boundary=pre_phase2_reference,,2026-03-31T00:29:16.374165+00:00,/Users/praneet/Downloads/hard_row_review_2026-03-24T02-11-01.739Z.csv#prephase_exclusions
2026-03-22,486,AF1QipP0CbTZRG7G8HjcJtuxH7OmdEx_BIdHXKgVyU3K,https://lh3.googleusercontent.com/pw/AP1GczPddkgzwtNQy3WzoAjc3YKXNRXhu84N0MoD3qoSFjiQb2XYKbuUAjYVjWIoPoeXQwNiyKiL4WZnudQESJAJ1mCSslMYFblSQujeYYFnSmI3gLJlbbY3,,,,,1,exclude_row=1; phase_boundary=pre_phase2_reference,,2026-03-31T00:29:16.374165+00:00,/Users/praneet/Downloads/hard_row_review_2026-03-24T02-11-01.739Z.csv#prephase_exclusions
2026-03-22,487,AF1QipMv88yznC6I2Ii9NfFrKqHBL0eYmvDPaXI9CLlx,https://lh3.googleusercontent.com/pw/AP1GczNG2-XLA_DbDhJ9aO79A4p0gfpUsbYZhMsB3MnKVLDJWK68F-AgMU21hRrtfxZ0MhkffvcNTdAvto76sRpbt4f0rrZOiK5tg2tWexofqV2WI7f-8BHQ,,,,,1,exclude_row=1; phase_boundary=pre_phase2_reference,,2026-03-31T00:29:16.374165+00:00,/Users/praneet/Downloads/hard_row_review_2026-03-24T02-11-01.739Z.csv#prephase_exclusions
2026-03-22,488,AF1QipNHqdT9mOleuLMIge5fPP47n07pBY6HrhfVxbl8,https://lh3.googleusercontent.com/pw/AP1GczODXQVH0VZEGstvnc6BXpYN7Xf6NPfkYDgx-zwg_JtMMfTiw6XDsOGhRcAoG5bUBmacUAIRLsIQ4C-lYP_iUWn5_RjYvl9nOuzzPNIjZNOgoicnWXbd,,,,,1,exclude_row=1; phase_boundary=pre_phase2_reference,,2026-03-31T00:29:16.374165+00:00,/Users/praneet/Downloads/hard_row_review_2026-03-24T02-11-01.739Z.csv#prephase_exclusions
2026-03-22,489,AF1QipMd_xbA2XyZrlITWA7jrAy-wnrdOZyB0j6_jt-z,https://lh3.googleusercontent.com/pw/AP1GczMTENZN0y_EIY8wXfo-8Of_Y2AU31iXk570LHXmYoAsP3Ux0xo_e83N2l1uzA2jUCyF7RmlQlwVWJth9dFR0ZcmZ1OQVB4fGOmK0irObG0J6yq3AFTd,,,,,1,exclude_row=1; phase_boundary=pre_phase2_reference,,2026-03-31T00:29:16.374165+00:00,/Users/praneet/Downloads/hard_row_review_2026-03-24T02-11-01.739Z.csv#prephase_exclusions
2026-03-22,490,AF1QipNqz_DoewONsSD77N7UbbnC0Scu8FkYZpVkjEcc,https://lh3.googleusercontent.com/pw/AP1GczPFxcuPSfJt8WR7__7qhEQcvAumeJSEy_n2jTOCwSc_zFmafIu4XztIEAcv1TGGZe3A4RrGjJkdtRqEbwh1DDjsIVIsNbGJTWylWaIQfsT5ZpZ_tNpt,10T,3,10T,3,1,,2026-03-31T00:00:03.694Z,2026-03-31T00:38:44.898629+00:00,/Users/praneet/Downloads/manual_two_run_tags_2026-03-31T00-37-31.935Z.csv
2026-03-22,491,AF1QipMVme8B_Stel8u8aD6awKJvYA7r3QjY3MBs-1qb,https://lh3.googleusercontent.com/pw/AP1GczP-82d9GrzRwC7sIRM8x1Q38FvUNf_1hYEg6qWXvvIWeHgFd43OcEdWsV7ulVueSEArRRnV8rX1Iv4KaDSo3vQ71uHObYdu3wPVYFIcnuPEYf3W0KKf,11T,3,11T,5,1,,2026-03-31T00:00:05.165Z,2026-03-31T00:38:44.898629+00:00,/Users/praneet/Downloads/manual_two_run_tags_2026-03-31T00-37-31.935Z.csv
2026-03-22,492,AF1QipMOW7T6QOIUC1-8H3CKTQdF1NkjizD-pLz-dWeN,https://lh3.googleusercontent.com/pw/AP1GczNHaCIa6Y06UaaX_nLVIqSfioKexbyo-z9JfHU6mXy-crnkdC5jtG9wvP4iqVc7FelDuReiIvC-gzSGV8I3V_qko9ky-GLvbsP8QitbFLYUernuDETj,9T,3,9T,1,1,,2026-03-31T00:00:12.589Z,2026-03-31T00:38:44.898629+00:00,/Users/praneet/Downloads/manual_two_run_tags_2026-03-31T00-37-31.935Z.csv
2026-03-22,493,AF1QipNmwkz-EF7NO9Z8W5Z5HLO-18TqjYDFVAlo6wEa,https://lh3.googleusercontent.com/pw/AP1GczOwXUQlJblQlg_0tLnM8hwXt6RGji7lxXX8uBbfzenEnOR9E7SSgdL44OkUtpcLD1wgnnd4yWdKo6zIDjBSp6i8zvvQvkPId5OvgVEVwGzFBz8STtf1,12T,3,12T,1,1,,2026-03-31T00:00:14.622Z,2026-03-31T00:38:44.898629+00:00,/Users/praneet/Downloads/manual_two_run_tags_2026-03-31T00-37-31.935Z.csv
2026-03-22,494,AF1QipP9o_6YXpv3CPTl8fVgvL_OxruKN8_BSDvhoOTk,https://lh3.googleusercontent.com/pw/AP1GczMSzolkE5j2LkqbRIxqSzCDUOAuPC3B6NoqEKZuYjQJtxDFX1FSuzxlRKFLkoCUBiHqrvLBtACNKOK_HU_LL-SycqReQ-kzYogRSgIKTrsJXpEsTDpQ,8T,3,8T,3,1,,2026-03-31T00:30:30.786Z,2026-03-31T00:38:44.898629+00:00,/Users/praneet/Downloads/manual_two_run_tags_2026-03-31T00-37-31.935Z.csv
2026-03-22,495,AF1QipNYIFQ1bzgqKRNHdLKoQGF-mEEfzNjIVCyqs7tg,https://lh3.googleusercontent.com/pw/AP1GczOq3cM7jHfC9-IXrcIOq3CQAckDp7SqrEvXqyx7JlT_qkqH5KJCYnbos-zoCIqNwjEW3DqirSvloYz0NX7RNgJbBGEBrnMc8Atcp5o3OTG4_m9MhiG8,5T,1,5T,1,1,,2026-03-31T00:30:36.642Z,2026-03-31T00:38:44.898629+00:00,/Users/praneet/Downloads/manual_two_run_tags_2026-03-31T00-37-31.935Z.csv
2026-03-22,496,AF1QipMMzpA1yZ8tirFj5YJdiXNculFzJ4KJokBnx_gj,https://lh3.googleusercontent.com/pw/AP1GczNlAWg8xdW7x1gvGONlcT4ZR2OBRYrpOlAlA66um9Ru9mO66cOCqUMsU-30dNxo9QFig5I1JUZF5uxN0i90kMhZ9lC68n6dq8WSR2pCNLBSZGwufubm,3T,1,3T,1,1,,2026-03-31T00:30:39.681Z,2026-03-31T00:38:44.898629+00:00,/Users/praneet/Downloads/manual_two_run_tags_2026-03-31T00-37-31.935Z.csv
2026-03-22,497,AF1QipObw-Ae0W4Lk-0YoIT0AfDh_cYZe5kokzxoHodR,https://lh3.googleusercontent.com/pw/AP1GczN-UI0dF3Yns2jffSLqoDjUUpF1C26ocRcYFIMpWcPfJ-gzbOLxxdZjioIRI150wd9HGQ6yE5U5mc-3sPaqvm8qQqbi8wuSL-5yBvAoszVdZ6yGpUGK,6T,1,6T,1,1,,2026-03-31T00:30:41.523Z,2026-03-31T00:38:44.898629+00:00,/Users/praneet/Downloads/manual_two_run_tags_2026-03-31T00-37-31.935Z.csv
2026-03-22,498,AF1QipOiQDq3C07kUZFEqywHgUWTI77CAe6T-nEUxVqF,https://lh3.googleusercontent.com/pw/AP1GczO1DLPqM0TdVPnBEvLuOd9qqPcUUyxOvHklzhxZLsq2-RllPoTP69nQJYH3MNMlq6jmsrqI2xUfjX-gKhQJRZtKKdzY9Y72MsRguqhOeRqM9__dQx9T,4T,1,4T,1,1,,2026-03-31T00:30:42.951Z,2026-03-31T00:38:44.898629+00:00,/Users/praneet/Downloads/manual_two_run_tags_2026-03-31T00-37-31.935Z.csv
2026-03-22,499,AF1QipMDyOd12fmf6IYb5x2uNBfb7bZkQgBw33OIdE-U,https://lh3.googleusercontent.com/pw/AP1GczNQFDr-ygt7tmbLYdnMBw9qmU9izv_HwCcGIcZz6KUl-X0xanW1NenP_mHBJOTIOzMznZSY07nEHullBEeDVs6VnvnSc8dNKfeheqdJqmVovLXOMmLR,13T,6,13T,6,1,,2026-03-31T00:30:48.038Z,2026-03-31T00:38:44.898629+00:00,/Users/praneet/Downloads/manual_two_run_tags_2026-03-31T00-37-31.935Z.csv
2026-03-22,500,AF1QipMRYhfekGnJioyHxKke6f4Z-8Om6Bpi3OUW6eSa,https://lh3.googleusercontent.com/pw/AP1GczN2AzCzk1ZHOiMqKhAaE0EIgxkXergYDO9YUudhRuVm27xws0p7QD-7Ro4i01aHUO7YaZbRZo8rkp-ps_yZ7UxbGdozJaU8Uq6dpoTRv9BMbNH4k0rZ,17T,6,17T,6,1,,2026-03-31T00:30:53.417Z,2026-03-31T00:38:44.898629+00:00,/Users/praneet/Downloads/manual_two_run_tags_2026-03-31T00-37-31.935Z.csv
2026-03-22,501,AF1QipMaIzan3Ir-yo8YwXrsT767Ta0v6ArHulbpCNjG,https://lh3.googleusercontent.com/pw/AP1GczNss49JoydFSdlbhbA3c7-v6VemkY24bB3zx5YLAL9DxeEhIpo-AxOqh7dkTZVFOaX4uSXl8r0cw9XbztpcLw6wIw8AgWz3i6JQg8sMYBEYi7zAVzY3,15T,6,15T,6,1,,2026-03-31T00:30:59.197Z,2026-03-31T00:38:44.898629+00:00,/Users/praneet/Downloads/manual_two_run_tags_2026-03-31T00-37-31.935Z.csv
2026-03-22,502,AF1QipM24ghfmD4BQ_xI7rw2D1uEZqFEjOmbjqWo-wdQ,https://lh3.googleusercontent.com/pw/AP1GczObMsck43d37juNAyiEThxsJNknSDgqeT0N58iBeYbFdTyrJJEFXF3Hp3tK7eR15IoAWm38U4diiYmPgCMWxTQrZ3v5OAw5SMh10PZ1HPT7ulm7TvL5,14T,8,14T,8,1,,2026-03-31T00:31:03.893Z,2026-03-31T00:38:44.898629+00:00,/Users/praneet/Downloads/manual_two_run_tags_2026-03-31T00-37-31.935Z.csv
2026-03-22,503,AF1QipP11JFyJxv2-5cCCGplu58rPJITnN4qZjkpPf8o,https://lh3.googleusercontent.com/pw/AP1GczOTrXoVAq6BOrnvwEYagrz02kClgn19_TuF9dAj9cIiiWBrQn56SJsXXFXXASHy_kWT5EMqlC0fXis2jYwX6rwfuW76bKwdByf4NbOhjnx0CVDLvbY9,30T,7,30T,7,1,,2026-03-31T00:31:08.596Z,2026-03-31T00:38:44.898629+00:00,/Users/praneet/Downloads/manual_two_run_tags_2026-03-31T00-37-31.935Z.csv
2026-03-22,504,AF1QipOzngLvJk7N95WTagqpCjBgVEzlNg8m-9lCtSbZ,https://lh3.googleusercontent.com/pw/AP1GczOKovia-hg3SVlv4Ax80xkkoqSXFLOpypLstJNebwetFMpP54oE8NRuki4-YzjOS1S3E7C9QKqFI3ZqKNUQ2VWAb8I27Ff1FswpY6kg-odVThvE4vFT,31T,7,31T,7,1,,2026-03-31T00:31:12.755Z,2026-03-31T00:38:44.898629+00:00,/Users/praneet/Downloads/manual_two_run_tags_2026-03-31T00-37-31.935Z.csv
2026-03-22,505,AF1QipNGH2Jc94a3_F6FKg7cG3mjwIKK_qPcO1e0L6as,https://lh3.googleusercontent.com/pw/AP1GczPe3Ln8TxgcmN5t7AjCIC53JF5Xrc9lT7IP_u2NTmBE82WQYw3RizaS2HWzZGNwwEQGA_A4-_cOxGZcTlYBjMzLMsEIQ9IC4CeG8_FunLgqxLAVGK8h,32T,7,32T,7,1,,2026-03-31T00:31:16.888Z,2026-03-31T00:38:44.898629+00:00,/Users/praneet/Downloads/manual_two_run_tags_2026-03-31T00-37-31.935Z.csv
2026-03-22,506,AF1QipNmZwTcaUiu8A3Ltc6xPIxJ61Yrbux3g8HU74me,https://lh3.googleusercontent.com/pw/AP1GczO78Wt2vDnaVf6H27St4DPJ_6t4f9FyzNalybBilLdpKxoNZ0uMmJsBg-WVpJ4xdE3DUq92gJJH4SNbxy6rlAcLSkr0NxfaLlYAiRWYZnIbpFqQK2Z8,24T,12,29T,7,1,,2026-03-31T00:31:19.305Z,2026-03-31T00:38:44.898629+00:00,/Users/praneet/Downloads/manual_two_run_tags_2026-03-31T00-37-31.935Z.csv
2026-03-22,507,AF1QipPTbnDhRmVIWQtX22rQuXgoslcYOibnbu7e312T,https://lh3.googleusercontent.com/pw/AP1GczO_LdJUYWOntrfK2WySxP61yxFt2segxga_9jdADpnL9UhvQ-fFKR0yAYW-922Zx9Aib13w6OVmWo4z39pVUgDkRlx7EoVTQY0f1azRRs89ltTUItjX,19T,11,19T,11,1,,2026-03-31T00:31:24.692Z,2026-03-31T00:38:44.898629+00:00,/Users/praneet/Downloads/manual_two_run_tags_2026-03-31T00-37-31.935Z.csv
2026-03-22,508,AF1QipO-zes8ejFbH_HJZQTJJblmsLtzDaSgCK0MFIin,https://lh3.googleusercontent.com/pw/AP1GczO2PE1mN51zs5ebae4lhM6q-lwrBWFOrJHgRi5SVEEjGMmvcBfjMbKNwRGW1bGwAbS-1axEi6OHF-8IRUQrlwGFbDEtVfvuObkrf5ZICl6oketPfmXH,18T,11,18T,11,1,,2026-03-31T00:31:29.971Z,2026-03-31T00:38:44.898629+00:00,/Users/praneet/Downloads/manual_two_run_tags_2026-03-31T00-37-31.935Z.csv
2026-03-22,509,AF1QipOlrzFybaXX5bR1uecWz6GSecKlEmKYGkGoC5cR,https://lh3.googleusercontent.com/pw/AP1GczPy0JJLqpF6x_97JTLcPQ9J0gSNM8-mUuL9ghv1gfsJ6IQ3XPeqC9Jt4jJv7DiwsT75ITr911kbRbON7Xz6ofvQKRb6gwGfURpH1XoEFBW6zi80IimX,21T,11,21T,11,1,,2026-03-31T00:31:35.051Z,2026-03-31T00:38:44.898629+00:00,/Users/praneet/Downloads/manual_two_run_tags_2026-03-31T00-37-31.935Z.csv
2026-03-22,510,AF1QipN0laVdvA8lE5rNNOqDrZe2npWR5aLHrHo4gxq9,https://lh3.googleusercontent.com/pw/AP1GczP1KohwNoVdTAviZz7U1cFdMRlVejma4JpCdvcvLnxNkMQF_CDb5qjYtIm9eHbGrUkmmoOlobNhEfO3Oo7M6Uxanui3Q2cbmRr8w7FNeye8LbvCJTV6,20T,11,20T,11,1,,2026-03-31T00:31:40.458Z,2026-03-31T00:38:44.898629+00:00,/Users/praneet/Downloads/manual_two_run_tags_2026-03-31T00-37-31.935Z.csv
2026-03-22,511,AF1QipP9gi4dHZn6hp9rHMLmtZEX4zfzUzgQfeIKLydr,https://lh3.googleusercontent.com/pw/AP1GczO6sZD9oIeRYFi4FBSm6RZQIQKscsQ5I75PvRyAGqs9RSKyzXlKAgOoYe874yxlDDhtBCOU8MTmgFgV7zSLnXKK-GUUkln9L1VaTF4wjEGaOJNIiEpm,24T,12,24T,12,1,,2026-03-31T00:31:45.400Z,2026-03-31T00:38:44.898629+00:00,/Users/praneet/Downloads/manual_two_run_tags_2026-03-31T00-37-31.935Z.csv
2026-03-22,512,AF1QipOi0VhAqyErGeAr9UNKqI6G7ORpK9vbBsuHFzMP,https://lh3.googleusercontent.com/pw/AP1GczOiCbdRK-Onw1Ciitd8xN5GL_kM0ZPy1qy9N5k7ktW9MjoDaiQ0wUlfKUELVWOphVsHp2iZftGuJOCfcFCkhVTnRUQuZq10ekhEiLNRzReJENCgZq1e,23T,12,23T,12,1,,2026-03-31T00:31:50.413Z,2026-03-31T00:38:44.898629+00:00,/Users/praneet/Downloads/manual_two_run_tags_2026-03-31T00-37-31.935Z.csv
2026-03-22,513,AF1QipPSzyJsSYm2bmNqcd8PXB-dNNaNBr0bQu-ITr0g,https://lh3.googleusercontent.com/pw/AP1GczPlHEoppTSxxDXfqBT9VOaGgMwl3EGkE0NXHMRtZsGd4ttJM_NYgOBCFMm-KAVLgOKpigMU4ZKmvFdp9qjoE2Kq4zP9eAJ5y18b_uiJmpQ97ZWcELp-,22T,10,22T,10,1,,2026-03-31T00:31:54.946Z,2026-03-31T00:38:44.898629+00:00,/Users/praneet/Downloads/manual_two_run_tags_2026-03-31T00-37-31.935Z.csv
2026-03-22,514,AF1QipNXs1sZwuNgRfWVxitKob4OQQqjFl6U68P8jqyH,https://lh3.googleusercontent.com/pw/AP1GczOw4QVxYft6tatckDzBuQhJXm9mIb_bZtd6HZPS0delkdrtnYTQoXo5_e69MMZ6VX13FpHiJEREWE329iRJZDAbu3W4EQ8TRQDm16NeATmroaxF8wSP,7T,9,7T,9,1,,2026-03-31T00:31:59.375Z,2026-03-31T00:38:44.898629+00:00,/Users/praneet/Downloads/manual_two_run_tags_2026-03-31T00-37-31.935Z.csv
2026-03-22,515,AF1QipO9L6oO2DNlF8bxeXP167j3hUsDxdvqBpKDa6uK,https://lh3.googleusercontent.com/pw/AP1GczMp9Nd9lzP7B5ljKZ89eMZ3r6I7semTxFbUeVXRUdzdd0eZkjxcmkYd6yj3GGU80N2CQnjnOUQYDKNYm3wgKqEsDxPs-Us9y3qYybqGJRPaDT_Ln5DD,16T,9,16T,9,1,,2026-03-31T00:32:03.955Z,2026-03-31T00:38:44.898629+00:00,/Users/praneet/Downloads/manual_two_run_tags_2026-03-31T00-37-31.935Z.csv
2026-03-22,516,AF1QipOdp2zN-JVBLI64OVzujVGTx_CeDARSgptloIuG,https://lh3.googleusercontent.com/pw/AP1GczOvmU36jTnhTcI7WgH7L36mGtarIOXNEPXtufNzbitLUfoa3tqKCuLKCXyC2DoYU2yQwG7vzOJl5mH0spRAKHTOSZEEJLNWA7PWoRqZJQgv-MsfcFnA,25T,5,25T,5,1,,2026-03-31T00:32:07.169Z,2026-03-31T00:38:44.898629+00:00,/Users/praneet/Downloads/manual_two_run_tags_2026-03-31T00-37-31.935Z.csv
2026-03-22,517,AF1QipM30lsJpN8Hjek9xsycqN3CWTo-w-sfwDDs62yB,https://lh3.googleusercontent.com/pw/AP1GczMO7KinEaMv52QotLod3_o71GKxP_A7Ltwips1C7TbnvdWFhGmvufeAkKRhTBgQBJtzB8BP6p2aos7OcXVVGIJbI1pUmmjh__Hbm-EtEsPmoHmoVXr9,26T,5,26T,5,1,,2026-03-31T00:32:11.967Z,2026-03-31T00:38:44.898629+00:00,/Users/praneet/Downloads/manual_two_run_tags_2026-03-31T00-37-31.935Z.csv
2026-03-22,518,AF1QipOmx0khNA2MjISRsGebfGy3OZ6nqkvIP9Sxd7S6,https://lh3.googleusercontent.com/pw/AP1GczOW1H4nLz9qN3H1UWTqOttYZ4ZP2426O4gMTvXIIoMjR2if1e-3VDOVs0PECvu-SFmvEhzrlJgBxScyw5Qux_JGuUBKeIdDAd0OES1FqQ-a8L2bDrJU,2T,5,2T,5,1,,2026-03-31T00:32:16.425Z,2026-03-31T00:38:44.898629+00:00,/Users/praneet/Downloads/manual_two_run_tags_2026-03-31T00-37-31.935Z.csv
2026-03-22,519,AF1QipOH1CE1zoKcbSH8VDP4OFKR9T20Sv-fYkabb1_Z,https://lh3.googleusercontent.com/pw/AP1GczNDYcD9cPtv4RdI3EYGBh4JiV2WLCGhDHsBjBKNYgQqL0WYovs2OA6i6lwi-QrrZzQSjEGmW2IW8jjQ7hK71R52V3jSnHxQpN4XLlmGAdeV2BUC1Bps,1T,5,1T,5,1,,2026-03-31T00:32:20.616Z,2026-03-31T00:38:44.898629+00:00,/Users/praneet/Downloads/manual_two_run_tags_2026-03-31T00-37-31.935Z.csv
2026-03-22,520,AF1QipOUO4e9BJQ2mBP4t2qePkokL-SM6XjZlPi-SzMM,https://lh3.googleusercontent.com/pw/AP1GczNiVnQnH-rmRVyV3PevIRtxlNcENXYp4uXbPbgPG7tDyMtxyK_4BlfZkUhgTkTBzeE5xK9NeVcYbciRbH7EzGQZH9oU1hovE1Vy1QrV3BMHGOBPGNNC,28T,4,28T,4,1,,2026-03-31T00:32:24.912Z,2026-03-31T00:38:44.898629+00:00,/Users/praneet/Downloads/manual_two_run_tags_2026-03-31T00-37-31.935Z.csv
2026-03-22,521,AF1QipOk7-iWStlaaFm9SPNk0j966f0tzTb3RV1sYd4P,https://lh3.googleusercontent.com/pw/AP1GczMDqW24XSTwGTDPDf2vjcY9etpGBqC6W7hSb3AIE97vHBg68-gpeA_Mu4L5AEMK5QB_70xEneKmpeIoerLB-9gkx_yO7Iddq5bDVN94zICrrDTiM9UI,27T,4,27T,4,1,,2026-03-31T00:32:30.458Z,2026-03-31T00:38:44.898629+00:00,/Users/praneet/Downloads/manual_two_run_tags_2026-03-31T00-37-31.935Z.csv
2026-03-27,522,AF1QipMxrN4l9shrKzY1IqVdcVeiyk0Qv934jmcoK272,https://lh3.googleusercontent.com/pw/AP1GczN-FCu6AOj2931eY8vODlsv2pvQuZ3oMQn2iXf0g_k6kDk8WnN6MA8nI3e0zmqOoOD1jbZe3SAlWi0EyRYlbUdOvp-bBL6anMmeuy6OU-lkOhNFmrYk,1T,5,10T,3,1,,2026-03-31T00:32:39.558Z,2026-03-31T00:38:44.898629+00:00,/Users/praneet/Downloads/manual_two_run_tags_2026-03-31T00-37-31.935Z.csv
2026-03-27,523,AF1QipPe1nT3ckOgWYGjXautudWZ_PJKbg9srGRJARHN,https://lh3.googleusercontent.com/pw/AP1GczOM4CMvzZzuDDDg9qDwErcLQiCBxGim54FUBaR3_vr-NlchewO0cB9SqXJrqMtoQYDpmgmfWY9W1Q29iT-opeayq5Jrgy7VcTu--LG9sJ-bWXmXZw1L,2T,5,11T,3,1,,2026-03-31T00:32:51.192Z,2026-03-31T00:38:44.898629+00:00,/Users/praneet/Downloads/manual_two_run_tags_2026-03-31T00-37-31.935Z.csv
2026-03-27,524,AF1QipNHzVb5MP9oRwMorTEMt0oCgQwnUfLu1xHLSGUP,https://lh3.googleusercontent.com/pw/AP1GczPYU9OejBLaOv252gIuMtZ5pVilXOvcAMblLQveD0b7XPQ4HmR8EcDd9kJ1HqnNmPAED1XnJYuYeE2u0FtZcFsQq31lQe2XLjg2RQEuTGv8hx1jexhv,3T,1,9T,3,1,,2026-03-31T00:32:59.670Z,2026-03-31T00:38:44.898629+00:00,/Users/praneet/Downloads/manual_two_run_tags_2026-03-31T00-37-31.935Z.csv
2026-03-27,525,AF1QipO9awFpKBBwon-pIExxyfsliLSKzM2PSnLs9AOC,https://lh3.googleusercontent.com/pw/AP1GczOBvyyKYkl3ZmwBxbCr_IrT1lZPHwOqx8etQIuQah7xu5WFMbPqcivlroLtx9qTMzR3X0n7jzm74grdpfVhWS1f3qcUqBHyRG6QEWqNjjGrTTtpz5Us,4T,1,12T,3,1,,2026-03-31T00:33:08.570Z,2026-03-31T00:38:44.898629+00:00,/Users/praneet/Downloads/manual_two_run_tags_2026-03-31T00-37-31.935Z.csv
2026-03-27,526,AF1QipNe2SvH_7crrW3Y99otRVDVzUoJjcc252ao-dDF,https://lh3.googleusercontent.com/pw/AP1GczOcjxaEJttJ2yYIH8gQBClkXqXX6jh3AoJdQIJpZTCo06K3XtY09ChwvErVtDyNUIhXrgqPQT4bwMFrUWGqyQqFQXjPEvOLFXAk1eLlUJvUKo30nbI9,5T,1,8T,3,1,,2026-03-31T00:33:16.930Z,2026-03-31T00:38:44.898629+00:00,/Users/praneet/Downloads/manual_two_run_tags_2026-03-31T00-37-31.935Z.csv
2026-03-27,527,AF1QipMK68uUnd5UgDwknN_g_FZqiY80M8p4NtzMLGLx,https://lh3.googleusercontent.com/pw/AP1GczPKD4SrjJtPXyEWjK09mSvp84TjB82UtLCvNLjWuIyJD9iLGeOlT936siGnzFUbg-s1VnQwTHEwb5dHJ6XDPZkNYwp4UfsuE4UUAW-lcl83ViBivNgK,6T,1,5T,1,1,,2026-03-31T00:33:22.213Z,2026-03-31T00:38:44.898629+00:00,/Users/praneet/Downloads/manual_two_run_tags_2026-03-31T00-37-31.935Z.csv
2026-03-27,528,AF1QipNPABAUDE6IEqkdORrL1LKhL6kgjcgS0khN0ad5,https://lh3.googleusercontent.com/pw/AP1GczPbYxqcrga-p5GZ0grsajgYa0PfmLD8aFK3ugTzgsALDHTLXgycjyzwZOkCIGafPC4-vfKO4a-Op3KYUrL7-5j3GuyxDAxteG3Ny8x5rd5ZVmnIytLo,7T,9,3T,1,1,,2026-03-31T00:33:38.728Z,2026-03-31T00:38:44.898629+00:00,/Users/praneet/Downloads/manual_two_run_tags_2026-03-31T00-37-31.935Z.csv
2026-03-27,529,AF1QipMZ1-lRdW9aHEMNF7vSl3zxqLRd5TvVRHM5gptm,https://lh3.googleusercontent.com/pw/AP1GczNoiAE8QwJKpj9SvPds_LT-EKLexjU3rGXJJPn-R0ZA-B8eKOr0CDJcHXT7wRdbvTTD9vNQQcktshDGbyhKkfsSjqIsenQw1pM35E8TvPIVB4ZZTVVr,8T,3,6T,1,1,,2026-03-31T00:33:46.629Z,2026-03-31T00:38:44.898629+00:00,/Users/praneet/Downloads/manual_two_run_tags_2026-03-31T00-37-31.935Z.csv
2026-03-27,530,AF1QipOPAKHu3Yix7ZVeDpzyiCy_8zwRcrXHgyu7tvJF,https://lh3.googleusercontent.com/pw/AP1GczNo8GMMqFSrQjMLA7KuMginAWRbEdbMNecLoABb1siDn0AnhzD7Je3r3TQ5KAUU2kAKXGYHNVHzxQfnXAsk2ubLapHhfU-klMkVFmJdCSCcqAS3AfjX,9T,3,4T,1,1,,2026-03-31T00:33:57.683Z,2026-03-31T00:38:44.898629+00:00,/Users/praneet/Downloads/manual_two_run_tags_2026-03-31T00-37-31.935Z.csv
2026-03-27,531,AF1QipPC1CWz5msaxDP3ud-v_SyG6ueiM0ouM0nWKcT1,https://lh3.googleusercontent.com/pw/AP1GczPUJFzhqo6OKDA6uCkVSDVoUMB7CuondwHlP_jLbcfVvf1U10YkhDMsWr1jH03scrnsVvYvbGUo5Qgirg42WPR6iHac_LI1Ry1TtM74ht7vxO__LENx,10T,3,13T,6,1,,2026-03-31T00:34:08.957Z,2026-03-31T00:38:44.898629+00:00,/Users/praneet/Downloads/manual_two_run_tags_2026-03-31T00-37-31.935Z.csv
2026-03-27,532,AF1QipMxs_P-Pe0mms_rGOub3vTdngQlZ0kcaMv4vCZi,https://lh3.googleusercontent.com/pw/AP1GczPFjRwyVn5nkE0wL1Q7HZD_nxNGmUOa8YXIR9Xibaw75OPrOki7-QUY-zXajem-Yoj1jOAQHlUtbyaC2zu_ggIG40X6KEXppwKw7CCEJ2zHe1Isz9vr,11T,3,17T,6,1,,2026-03-31T00:34:18.211Z,2026-03-31T00:38:44.898629+00:00,/Users/praneet/Downloads/manual_two_run_tags_2026-03-31T00-37-31.935Z.csv
2026-03-27,533,AF1QipPCE4MtR3BII7i8IlynBW2U07arcCSsAqvHiQr5,https://lh3.googleusercontent.com/pw/AP1GczPYDAEVBH-HbhKwK92NiZ_nqzNLENcWLxSOmWMtJyAa3R0hj-_NyhOuSQD4GXDKT5Rsykfyo6uriNeY58dVodomX08iWvdttBt_M4Nf_18g-fPzZ2JV,12T,3,15T,6,1,,2026-03-31T00:34:26.349Z,2026-03-31T00:38:44.898629+00:00,/Users/praneet/Downloads/manual_two_run_tags_2026-03-31T00-37-31.935Z.csv
2026-03-27,534,AF1QipOckzFLrKnINZE1WESBsgPkeIWIpLDm6ZKg5_rw,https://lh3.googleusercontent.com/pw/AP1GczMyJurAFUYuijVN7X3-paQakAHjPg6owPVVPcvyN2ca8iKXLHePgk4bgzjIH2VRUWYKokYJMdK0LwvLniQTXJJusVK2q0HUbKCRe-23g0MQ4l0_qJV2,13T,6,14T,8,1,,2026-03-31T00:34:34.966Z,2026-03-31T00:38:44.898629+00:00,/Users/praneet/Downloads/manual_two_run_tags_2026-03-31T00-37-31.935Z.csv
2026-03-27,535,AF1QipNBcjyGtOXPNKwyN1paiywblbdwH4DWp6KjKYkG,https://lh3.googleusercontent.com/pw/AP1GczNxh9gtC_STYQ6zK5nx5ZqisHiHR96z4Kxt8byCYbfAoSKkey2lTOosnuNHk50B1x1X2BYex7wD0V70UYKwGdyLm5S-94uQLaw6Nt7MLR51T2_SPbAT,14T,8,30T,7,1,,2026-03-31T00:34:46.674Z,2026-03-31T00:38:44.898629+00:00,/Users/praneet/Downloads/manual_two_run_tags_2026-03-31T00-37-31.935Z.csv
2026-03-27,536,AF1QipMsutKr9RYQbCSr_E4p_6P6TfQIpCenT-q2iIoI,https://lh3.googleusercontent.com/pw/AP1GczMTQDNEIxUafM7Gy49BfqOD0OR59sEwFA6K8npSzUf_Nt-7qJuKjO0krtg1FpngxZGOPQKgqLuyKVM9A_EIpQ3m2kmg7_SHYdrvyBaX70KsUCY-MnZX,15T,6,31T,7,1,,2026-03-31T00:34:56.024Z,2026-03-31T00:38:44.898629+00:00,/Users/praneet/Downloads/manual_two_run_tags_2026-03-31T00-37-31.935Z.csv
2026-03-27,537,AF1QipNizw-kUU-ke1_bPif9H7VUoZtqg6-OQnr7tOaQ,https://lh3.googleusercontent.com/pw/AP1GczMyD8NGEV6c98P4oo1l_-ztUhpjXDmgmVca4WpEKkOrv5881Od3r_uR1bkgd-BIB5UGskMgN1kwLF2sTJrjyGsGzrz1sX9RqSITQaPPvzk5aLLMqSNT,16T,9,16T,9,1,,2026-03-31T00:34:59.615Z,2026-03-31T00:38:44.898629+00:00,/Users/praneet/Downloads/manual_two_run_tags_2026-03-31T00-37-31.935Z.csv
2026-03-27,538,AF1QipM37EsDxullKv6OKOmrF_t6xpu0B4GItPmAOI17,https://lh3.googleusercontent.com/pw/AP1GczPYB-VrYPKSJONobbQjSvHnHeV8XWVY98hJnUfnCAq7XWvBHW3B_9aqLlrmyv38nBbCa6wNRCOsRYeKAKJTkp4DUzGWTcP41jLxCDQ3dCI6AunWFAiy,17T,6,32T,7,1,,2026-03-31T00:35:08.524Z,2026-03-31T00:38:44.898629+00:00,/Users/praneet/Downloads/manual_two_run_tags_2026-03-31T00-37-31.935Z.csv
2026-03-27,539,AF1QipMFSb3m6sT551_nUdfkbl1jGnVBcg8gu6fBtvkQ,https://lh3.googleusercontent.com/pw/AP1GczM4k7vpZkM1u6GU5_q16JyYw90lwbTDPDMwY9huIAuML6jM1nFHFSHm1_Dm-5oo2_yDYKedWtPWD-w0XiH8bGuPmU8vCnDHcuEMX37IEYp0DiXRK0Cd,18T,11,29T,7,1,,2026-03-31T00:35:19.219Z,2026-03-31T00:38:44.898629+00:00,/Users/praneet/Downloads/manual_two_run_tags_2026-03-31T00-37-31.935Z.csv
2026-03-27,540,AF1QipNn5ewWsSEWIOZZVHGr3qPlLydFyYu8g8-aTaFH,https://lh3.googleusercontent.com/pw/AP1GczMjZJKF_LwZngYIZVALjWBjYqWcIY_lFUjdk3xp3btbUcXi8l-VXTrFhJmJNrx65otuQhAvvYq2RoovzEscoEfh59JuMEkWd7xib2m0MiXm4PNsMtqy,19T,11,19T,11,1,,2026-03-31T00:35:22.275Z,2026-03-31T00:38:44.898629+00:00,/Users/praneet/Downloads/manual_two_run_tags_2026-03-31T00-37-31.935Z.csv
2026-03-27,541,AF1QipPPsO9PZw1-XvdC29Yk-_Y6cey-sfDZmdJt7Ld7,https://lh3.googleusercontent.com/pw/AP1GczPeRwxfDj-Ftkeaaue8cx1AAP7VuuvMm04kj1qvm64HRWHo6-sWREdY4fhdYlLMeAVLYeh8aaWYGnHxSJ3sLiugWPNXXplrZ-r8Q3ndXldCGjOsUkPM,20T,11,18T,11,1,,2026-03-31T00:35:29.936Z,2026-03-31T00:38:44.898629+00:00,/Users/praneet/Downloads/manual_two_run_tags_2026-03-31T00-37-31.935Z.csv
2026-03-27,542,AF1QipMbAEkuXCEmSxMMleaD-ExB8f30pgUPbuAHo50u,https://lh3.googleusercontent.com/pw/AP1GczPp-LFV2c9eAKamAOIhf2tOBnPPhKOhIBDXThfPJzqv4gCx1gsizpXlbtemOL8NJgunv34GInCcU041QekEqjXWu6Ci8ub0VeCcmpiSYaXVN1IfveEk,21T,11,21T,11,1,,2026-03-31T00:35:32.214Z,2026-03-31T00:38:44.898629+00:00,/Users/praneet/Downloads/manual_two_run_tags_2026-03-31T00-37-31.935Z.csv
2026-03-27,543,AF1QipMSR6fBV3QEbrYMB2ARD5WFjaPOxkMv7RBmcRDB,https://lh3.googleusercontent.com/pw/AP1GczOoF6YurpEpKwAm_z-RIU0KCTEIWQp6EjfXWzid2cWOOAbkXti85DIs8bgiKhlGosj2CG77DbL2nXZzxQSDnEWgYQObmsPAa7fCpdcwSovjKAV_95wY,22T,10,20T,11,1,,2026-03-31T00:35:42.582Z,2026-03-31T00:38:44.898629+00:00,/Users/praneet/Downloads/manual_two_run_tags_2026-03-31T00-37-31.935Z.csv
2026-03-27,544,AF1QipPvYJsDephs33jQEwvkH3MMU6QVp1glLzgbqZ51,https://lh3.googleusercontent.com/pw/AP1GczNPP_ZA0NgjOfRXOxEy048wjcDugUFZLcHJl3NxFVRWNo2deYZNdCj4gCqEd7No9aX869PN5H0IPsV7lpscDcrthByv5ils-zd1QwuKB8MahT333Jmn,23T,12,24T,12,1,,2026-03-31T00:35:52.966Z,2026-03-31T00:38:44.898629+00:00,/Users/praneet/Downloads/manual_two_run_tags_2026-03-31T00-37-31.935Z.csv
2026-03-27,545,AF1QipMkoIMKNtPkPePuUKCVcO08gV4yLK58XWUre5HP,https://lh3.googleusercontent.com/pw/AP1GczM63qqpVL82wmVllenv392-Uq_D6srddMzSL59MEVVOBLeF8GsN9MM0QNx7EaumNIq6NKPU1pm3d0_Hx6L8xJtZUhV8JPA2VbVcIc05-pvcu-ms9gWe,24T,12,23T,12,1,,2026-03-31T00:35:59.411Z,2026-03-31T00:38:44.898629+00:00,/Users/praneet/Downloads/manual_two_run_tags_2026-03-31T00-37-31.935Z.csv
2026-03-27,546,AF1QipO6rKJxGeb-gmlwg_9j0ttF-BEruO78e9hSKR_u,https://lh3.googleusercontent.com/pw/AP1GczMpVGNvZShWG80gZ9BJ2NoTlwaHAkxK1rAAPBXK1nmnnJUXKhlcJETwWw4WwGfR14T5o9f75edBpQ44piqcDL23sDkrg1AUxriIUr_yWSZxQFqb46l2,25T,5,22T,10,1,,2026-03-31T00:36:08.099Z,2026-03-31T00:38:44.898629+00:00,/Users/praneet/Downloads/manual_two_run_tags_2026-03-31T00-37-31.935Z.csv
2026-03-27,547,AF1QipONgcyC55iDajaxKkC1C2g3ARsoZVXh6-Xe0eog,https://lh3.googleusercontent.com/pw/AP1GczPVCBcxVratp--XFDEN65FF7diptBkxvmkbzbCbdPqJjQhKNnw5apyEW0kTkLwAFi_scLoQdyd0D8ppl_gju2N1m_WBLOPunuhH93XIzw-BVZAdJAoh,26T,5,7T,9,1,,2026-03-31T00:36:17.841Z,2026-03-31T00:38:44.898629+00:00,/Users/praneet/Downloads/manual_two_run_tags_2026-03-31T00-37-31.935Z.csv
2026-03-27,548,AF1QipPB-NvQtu0s-dZ_IhzAti0ZV3ut8l37MMoglrKO,https://lh3.googleusercontent.com/pw/AP1GczPQX08XJaILADovSMSHr9-Xtwpv6j8JA1mWKEPHeBfBNk__u8MngKK8B7aHkq-UGt30sHHzwjwWyY2C6uTcimLVjxYcsA5S-zmAZ0nHI86He9cOBsIu,27T,4,1T,5,1,,2026-03-31T00:36:29.119Z,2026-03-31T00:38:44.898629+00:00,/Users/praneet/Downloads/manual_two_run_tags_2026-03-31T00-37-31.935Z.csv
2026-03-27,549,AF1QipMD9XqbprLCFJVIproT1hNF6S2ZbA3Q4d3m3Pvb,https://lh3.googleusercontent.com/pw/AP1GczM0eBQmfLr3ZacNKT75VcQWtRNJmBC9ZfJY3ysJBWGjQFRNAcQSpq_A2ubX1jQovxmtWzduFP8ptjW_J99F_TgA3vQUC2IxHmnizMb6kJMi5Sn7qGvA,28T,4,25T,5,1,,2026-03-31T00:36:37.900Z,2026-03-31T00:38:44.898629+00:00,/Users/praneet/Downloads/manual_two_run_tags_2026-03-31T00-37-31.935Z.csv
2026-03-27,550,AF1QipPVnWZmAaYVFsI_i1yZKhlHq7Nhfm8tnpgVaEKw,https://lh3.googleusercontent.com/pw/AP1GczOXPFG_QcVZK_0ahHdB13dQU2fF1_LDwwrrkZCnxpVLs1TnK0MqE8G88gqWk93XqusTmoaZaX1dvEsodEeXKzwyV5QtDe9c8Y6Tl58lSi64D1GjWx8j,29T,7,26T,5,1,,2026-03-31T00:36:48.620Z,2026-03-31T00:38:44.898629+00:00,/Users/praneet/Downloads/manual_two_run_tags_2026-03-31T00-37-31.935Z.csv
2026-03-27,551,AF1QipMMITNc4tFc0v3E4MLqMWqlHWqHXxWqMzcbEfR6,https://lh3.googleusercontent.com/pw/AP1GczPqJBKlQ6TwZC9vJF5TznH-e9OSOhwnVbsp2xM2wA3pY2A9NQPFatILsgXooBw7_8ivfGzj4g9s5oFH5efvWEve7yrnBxHIBb8hkQO8b0JUkui2M__t,30T,7,2T,5,1,,2026-03-31T00:36:59.265Z,2026-03-31T00:38:44.898629+00:00,/Users/praneet/Downloads/manual_two_run_tags_2026-03-31T00-37-31.935Z.csv
2026-03-27,552,AF1QipM-oEKY_8J3u8rANxh_aFm-pkfiCyUV6Zw473GR,https://lh3.googleusercontent.com/pw/AP1GczOMlNnRDw39Ql2VPLcIGczo7S3X8osEoQvsVVELBIhhq5tc1cKsZEXvvK7uYcERRLPrIWLp88qsBShVadd17sW8sjad5eL0OzjHLJuJ94-PEXFssxMb,31T,7,28T,4,1,,2026-03-31T00:37:08.739Z,2026-03-31T00:38:44.898629+00:00,/Users/praneet/Downloads/manual_two_run_tags_2026-03-31T00-37-31.935Z.csv
2026-03-27,553,AF1QipNdLpQthmTf65ScMhFXYGTDqckMEBK3h29VFFuU,https://lh3.googleusercontent.com/pw/AP1GczO4cAmFuoYQyVHtGqM_IbNJOcq6dcd3TvR4XB_vZwO1imJT1k4_MJ9lgo4jJhlIfrlS5u4ubUnZvETO9JW7V8cx7xQohs-kPbLCKuWtBeg2SL5GLWAS,32T,7,27T,4,1,,2026-03-31T00:37:31.934Z,2026-03-31T00:38:44.898629+00:00,/Users/praneet/Downloads/manual_two_run_tags_2026-03-31T00-37-31.935Z.csv
