row_index,capture_date,source_asset_id,photo_url,current_classification_label,predicted_classification_label,predicted_species_common_name,predicted_variety_name,predicted_species_scientific_name,tomato_similarity,non_tomato_similarity,margin,confidence_tier,recommended_action,nearest_tomato_asset_id,nearest_non_tomato_asset_id,image_path
124,2026-03-01,AF1QipNjWhvFiXuamI-Gn3JUm4weAHd5isNUnf_R2uaa,https://lh3.googleusercontent.com/pw/AP1GczPWhDvNFTYzJJ4s9ijqWIC8t1b2X4Uk6PhUvvSS91WfOlFmuaEJ88KaFWj09ioPyP0sYuoc-bDOpGvtq-9ka1na4VhBMbHYqYq6xmAhCJMFiX4IgnyY,unknown,non_tomato,Lettuce,Lettuce,Lactuca sativa,0.563567,0.743999,0.180432,high,apply_seed_override,AF1QipOKLGjadxmA3cB21dGUO7lBOdTQURwF1BvGZdiR,AF1QipPU9RHgErKWJwJJ92pF-E0klp18nr0eMqppu6yS,local/non_tomato_species/images/124_AF1QipNjWhvFiXuamI-Gn3JUm4weAHd5isNUnf_R2uaa.jpg
127,2026-03-01,AF1QipPqC5rhFW6jReI6tc68phfbliLsFhCt1qwJgnxb,https://lh3.googleusercontent.com/pw/AP1GczMnf0_fpFUZ1-7E-kjmelMR9CxBiFODGBTifBJKIRgyM4ehJMCk564h8O6g-P8q58-ozamRTa5kpB1wjMPcZz3FoEC3_pHohhjHBu8JQvasrnUthSUl,unknown,non_tomato,Spinach,Spinach,Spinacia oleracea,0.614546,0.736874,0.122328,high,apply_seed_override,AF1QipM1i3MSJ0yhTT2hSftqHOFdl3W_wWqD5xJY0F34,AF1QipOAixlyabr6w5IntjDZchh5IVfv3jAqII7bUhAI,local/non_tomato_species/images/127_AF1QipPqC5rhFW6jReI6tc68phfbliLsFhCt1qwJgnxb.jpg
126,2026-03-01,AF1QipNTvvxA1XfQsOD79v2X3F8oWeX4T-IYh1PamYaC,https://lh3.googleusercontent.com/pw/AP1GczMPru54RuzJPHclHTN-3kDejyIzAfyLCv45VaFxY7kJkr0y_oGZQXDaLI141hzjpObg-OO1eHyQ9E7J4l9Bq4Upts6jZOZ7cORS_eAdBaAsYFrO-Ura,unknown,non_tomato,Spinach,Spinach,Spinacia oleracea,0.636693,0.733627,0.096934,high,apply_seed_override,AF1QipM1i3MSJ0yhTT2hSftqHOFdl3W_wWqD5xJY0F34,AF1QipOAixlyabr6w5IntjDZchh5IVfv3jAqII7bUhAI,local/non_tomato_species/images/126_AF1QipNTvvxA1XfQsOD79v2X3F8oWeX4T-IYh1PamYaC.jpg
128,2026-03-01,AF1QipN36GoQRLn9h2NfDp9xKGVjPF3AihAb8BarYXRz,https://lh3.googleusercontent.com/pw/AP1GczOHsu-5QSeKpV4akk3CoMvc7vyb7LcGO74TNcKoK9S5Nf7JtdJ0dW9kEhrfzPmJ0iZhppS5jr4NfGyWMF8y70rkLshB57WmtVGZzduUZxtMNbTbEV-9,unknown,non_tomato,Pea,Pea,Pisum sativum,0.577447,0.635552,0.058105,medium,apply_seed_override,AF1QipM1i3MSJ0yhTT2hSftqHOFdl3W_wWqD5xJY0F34,AF1QipOtfgGC6kw6p74wMcF5b0RrV_9q3JEA88Toh1lv,local/non_tomato_species/images/128_AF1QipN36GoQRLn9h2NfDp9xKGVjPF3AihAb8BarYXRz.jpg
129,2026-03-01,AF1QipPWnl7YKuhQTHqe35yGZzGrFTIUrglCwWuKJoDZ,https://lh3.googleusercontent.com/pw/AP1GczNjm_M1BYrivEf5EEEl-WxcCVGdO0rteGwIkb-o1vGyIHobboiJmYgjLn4qpYHeKnTIAm2gZ8iJEMaKieD6ZsKqlTEr1NKHgBy0PanRojkBLkDrErzw,unknown,non_tomato,Spinach,Spinach,Spinacia oleracea,0.18097,0.201452,0.020482,low,manual_review,AF1QipOKLGjadxmA3cB21dGUO7lBOdTQURwF1BvGZdiR,AF1QipND0gAwfUQ1xbVpfJqHJ7hJJjb6fhFYSQdo4CWe,local/non_tomato_species/images/129_AF1QipPWnl7YKuhQTHqe35yGZzGrFTIUrglCwWuKJoDZ.jpg
125,2026-03-01,AF1QipPzRiMWx6sBp_4IlG2QKFNb6fp6-PxEw8oN86tP,https://lh3.googleusercontent.com/pw/AP1GczMO3Wep72wnABoGkogcAJ8RnZQM5F_ZmvQXb2qU0FiOKcRCIUYBQ83v0scdnyB70TThbKCd4NZ3E_EdvARJDvVfsrA-PORX8Nm5sNO1qDUsRmKJt17-,unknown,non_tomato,Lettuce,Lettuce,Lactuca sativa,0.496277,0.502491,0.006214,low,manual_review,AF1QipOLVxSyli52QM5HMEqdgY_3saaI5bYdnoJgIolG,AF1QipPU9RHgErKWJwJJ92pF-E0klp18nr0eMqppu6yS,local/non_tomato_species/images/125_AF1QipPzRiMWx6sBp_4IlG2QKFNb6fp6-PxEw8oN86tP.jpg
164,2026-03-02,AF1QipNUc4_iCorNgjiV4vTpydZtCLn86tsrJh3HH7_3,https://lh3.googleusercontent.com/pw/AP1GczOlAmnnBKWcPwHoSvXbhnBUk0TAjdhf5JusrksgbrdFNDTzA_3yS9PVY2Z3XU2oa4Rd7QOztLzlrDCMmltweke1H8ENnxspMbAjtYKsOebf2xsLLlLE,unknown,non_tomato,Spinach,Spinach,Spinacia oleracea,0.716531,0.839822,0.12329,high,apply_seed_override,AF1QipM1i3MSJ0yhTT2hSftqHOFdl3W_wWqD5xJY0F34,AF1QipOAixlyabr6w5IntjDZchh5IVfv3jAqII7bUhAI,local/non_tomato_species/images/164_AF1QipNUc4_iCorNgjiV4vTpydZtCLn86tsrJh3HH7_3.jpg
158,2026-03-02,AF1QipNT5F_KtSrnPQXAxVW2nOehKD1G7dlVasCSUGGG,https://lh3.googleusercontent.com/pw/AP1GczO6dVCG_2FFkd85skxCn4toB-mkk6tQao1OijIQRT7GXPBAKSNn9jrv-BvDaWQKqTJL5I_Yb2stHlYS9olDYPewp8acxFowKSHOEEi7VAvxybXAZS1l,unknown,non_tomato,Spinach,Spinach,Spinacia oleracea,0.674407,0.795982,0.121575,high,apply_seed_override,AF1QipNgy53gtDiRsdSvAMrdHdBvBkbmKmaU1vFW5Zwz,AF1QipP3uLTxp7JBdSEI1arLdrVpzmVWxPsfUREzogQc,local/non_tomato_species/images/158_AF1QipNT5F_KtSrnPQXAxVW2nOehKD1G7dlVasCSUGGG.jpg
172,2026-03-02,AF1QipOye3QE9u2xMY45v1Gzn_hgNKXum941NaI3G1DB,https://lh3.googleusercontent.com/pw/AP1GczOF7FuWdz-t2lVDr6VEqcHZWkmcv54TMFW2SO0EtOa4v_uJGd9WDr2_2rqtZXROCRvjn3PjA2OJyKcWzaqhl-KNlVcE01pmTfr3MK61f2DR0Axk_CpJ,unknown,non_tomato,Spinach,Spinach,Spinacia oleracea,0.694091,0.808475,0.114385,high,apply_seed_override,AF1QipNgy53gtDiRsdSvAMrdHdBvBkbmKmaU1vFW5Zwz,AF1QipOAixlyabr6w5IntjDZchh5IVfv3jAqII7bUhAI,local/non_tomato_species/images/172_AF1QipOye3QE9u2xMY45v1Gzn_hgNKXum941NaI3G1DB.jpg
145,2026-03-02,AF1QipN9wSnjis9IycZs8KqGU-xzcEuZB8BqypxxTGMZ,https://lh3.googleusercontent.com/pw/AP1GczNMx1YLWE-I6c4--f_UnlPJvqFITC7SguIC1wA9AJSVOgb42Sg1qjlYHzMPb2VCAnG-s6cKHEmM8hXoN4sZ4be5i6L1HnMI10Tbu8ES5AlEJEhWPMPK,unknown,non_tomato,Spinach,Spinach,Spinacia oleracea,0.613699,0.720208,0.10651,high,apply_seed_override,AF1QipNjCXO2DCyYSPo8z8XBD0Ec50YkcouPnONL4iMi,AF1QipOAixlyabr6w5IntjDZchh5IVfv3jAqII7bUhAI,local/non_tomato_species/images/145_AF1QipN9wSnjis9IycZs8KqGU-xzcEuZB8BqypxxTGMZ.jpg
177,2026-03-02,AF1QipMQDvxdK7IP8ClbqPAhR8VyPY-sJ7y3hHu4Pr-4,https://lh3.googleusercontent.com/pw/AP1GczNY9JgFJVJKc8zh_SBbXtELQt1dh6w5iQgi2dyxlEYjVt0l0OZM3oalK3n_yKgi8Sl3scQ7oCOoHSkKv1XN2brdptFNFHa88Zdt2sBWlNEnbVwaWkt5,unknown,non_tomato,Spinach,Spinach,Spinacia oleracea,0.610242,0.709547,0.099306,high,apply_seed_override,AF1QipM1i3MSJ0yhTT2hSftqHOFdl3W_wWqD5xJY0F34,AF1QipOAixlyabr6w5IntjDZchh5IVfv3jAqII7bUhAI,local/non_tomato_species/images/177_AF1QipMQDvxdK7IP8ClbqPAhR8VyPY-sJ7y3hHu4Pr-4.jpg
159,2026-03-02,AF1QipPQJvrHZ72Aa3eKsRkZ_qI2_zIr2oo-8ZDUlD7l,https://lh3.googleusercontent.com/pw/AP1GczMUM8dTIewgd6tt6SUs_lic6W6hEogyfMtoULKtOh_sS56m4Oak9pIJxPXa1ZxjU-r28LU2u3PXva93TQrtl9re3AdU6f6Rh_gN3ZhHd8up4g2RVkoe,unknown,non_tomato,Spinach,Spinach,Spinacia oleracea,0.541434,0.635475,0.094041,high,apply_seed_override,AF1QipOyJ1f5YmuDH5yEFsgS-jiPJZezlWGcMT5fMGtw,AF1QipOAixlyabr6w5IntjDZchh5IVfv3jAqII7bUhAI,local/non_tomato_species/images/159_AF1QipPQJvrHZ72Aa3eKsRkZ_qI2_zIr2oo-8ZDUlD7l.jpg
182,2026-03-02,AF1QipOkb-F1GDSiZaS-cefbOXH_FS8izZJHWY8qU8a9,https://lh3.googleusercontent.com/pw/AP1GczMniP4Ck6BpamS_PJNTLqigJJN0CppHQdo7UOpra9B9Fl2F5OaAtGrXx1smhEul1JgCbM9cJ6TfyzRwAfrxMWKSa9lkFP5krQzPEMrEAemSXy2wxc35,unknown,non_tomato,Turnip,Turnip,Brassica rapa subsp. rapa,0.69549,0.787992,0.092503,high,apply_seed_override,AF1QipOLVxSyli52QM5HMEqdgY_3saaI5bYdnoJgIolG,AF1QipOFj7AJ4wBEzoSghT-FmoK39t8yyzYEN5BeNu8N,local/non_tomato_species/images/182_AF1QipOkb-F1GDSiZaS-cefbOXH_FS8izZJHWY8qU8a9.jpg
176,2026-03-02,AF1QipPkXKpfW8C-Df9ZD2jf69tKllu0mrkqm8nfX8Wo,https://lh3.googleusercontent.com/pw/AP1GczPA5E6CXaJ7Rj-RUxPkFyVuuvaymDP88KTWWvXG_7oHSCeotzZgZdAwsqyMkg0Y4oe69hthurQQJX-8ydapxMbSmEDK2rfC-pJVSFqVgudBmTw0oOYP,unknown,non_tomato,Spinach,Spinach,Spinacia oleracea,0.717011,0.807273,0.090262,high,apply_seed_override,AF1QipOKLGjadxmA3cB21dGUO7lBOdTQURwF1BvGZdiR,AF1QipOAixlyabr6w5IntjDZchh5IVfv3jAqII7bUhAI,local/non_tomato_species/images/176_AF1QipPkXKpfW8C-Df9ZD2jf69tKllu0mrkqm8nfX8Wo.jpg
133,2026-03-02,AF1QipNrnV7_ou-gBKSqPBeZCNlWCjSWQoO3EAiDaktn,https://lh3.googleusercontent.com/pw/AP1GczM5MhZbT0C9LDTh9cwe6EvrWdIzvDyzHONtYqpVWAEAz4MyZGYsp_vUHHf5qx5SmncacFFuqUiwf1P_tlnPaxLp19aDueH2cs6co9IehXuNBRGcee1R,unknown,non_tomato,Turnip,Turnip,Brassica rapa subsp. rapa,0.582637,0.672078,0.089441,high,apply_seed_override,AF1QipOyJ1f5YmuDH5yEFsgS-jiPJZezlWGcMT5fMGtw,AF1QipOFj7AJ4wBEzoSghT-FmoK39t8yyzYEN5BeNu8N,local/non_tomato_species/images/133_AF1QipNrnV7_ou-gBKSqPBeZCNlWCjSWQoO3EAiDaktn.jpg
167,2026-03-02,AF1QipO5q3GdpwwVY8wmrCAL8ues_H4adxKg65XR_mtS,https://lh3.googleusercontent.com/pw/AP1GczOTOlhDOW_8sdvXZP_kheE_AlfRTYmTJMwEwq9vtIyNYPE3OVScCA3vsiG44SUs7Kx33uTxw7kncV-FEppQBkZwBr1Gu6BPrXlX_RyoNVN7CpcGgUZw,unknown,tomato,Tomato,,Solanum lycopersicum,0.704143,0.624221,0.079922,medium,apply_seed_override,AF1QipM1i3MSJ0yhTT2hSftqHOFdl3W_wWqD5xJY0F34,AF1QipPU9RHgErKWJwJJ92pF-E0klp18nr0eMqppu6yS,local/non_tomato_species/images/167_AF1QipO5q3GdpwwVY8wmrCAL8ues_H4adxKg65XR_mtS.jpg
191,2026-03-02,AF1QipMidJYX9xyasGhCNIucTRhkygzjVjjeb93ucc35,https://lh3.googleusercontent.com/pw/AP1GczP7UWhi4pRyNbLOBNlEUwl8_19S_TXdr5EaXGrcTba_ChMSyj_26P_FgxvwGmNn1M8-YmosV8gUphcVIr94dWdtNjggUmjY66XEc1F2XmMva4ph_hll,unknown,non_tomato,Pea,Pea,Pisum sativum,0.609124,0.688792,0.079668,medium,apply_seed_override,AF1QipM1i3MSJ0yhTT2hSftqHOFdl3W_wWqD5xJY0F34,AF1QipPy0PJSqnwpfWm_W4pspUcOt_QTWuAzcKvpBi_4,local/non_tomato_species/images/191_AF1QipMidJYX9xyasGhCNIucTRhkygzjVjjeb93ucc35.jpg
180,2026-03-02,AF1QipN8ZYwEXwvzLkjDKNm9DxEqT5yaJRQ4gh72CG6S,https://lh3.googleusercontent.com/pw/AP1GczNJLsb8BINqjpHk4ppgXTeFRds4ktJLB2qhrhoyxWJR1mGxq_jMenzmhuOEfbVZg941X5G4ONy55eZrYXhAYX63Q4YubjPrEFZgV-MTX_lDhG0ygIyj,unknown,tomato,Tomato,,Solanum lycopersicum,0.682095,0.602617,0.079478,medium,apply_seed_override,AF1QipM1i3MSJ0yhTT2hSftqHOFdl3W_wWqD5xJY0F34,AF1QipOAixlyabr6w5IntjDZchh5IVfv3jAqII7bUhAI,local/non_tomato_species/images/180_AF1QipN8ZYwEXwvzLkjDKNm9DxEqT5yaJRQ4gh72CG6S.jpg
135,2026-03-02,AF1QipMmcbkEvj6cQE_kCXNmfLRA0sdlDIgZoKhBX8ci,https://lh3.googleusercontent.com/pw/AP1GczOUwQu9J5Ryy0qAIhG-P1Fe33e4RoQDQihxgtqbvoh4TC3Kt9JeH_Q_JJi0ozXKvVIpI6HSeHfcCUVZW6omBkuZ4OX6uNXwCXhqsWOIAVY1lTIToqBy,unknown,non_tomato,Spinach,Spinach,Spinacia oleracea,0.637516,0.712311,0.074794,medium,apply_seed_override,AF1QipOyJ1f5YmuDH5yEFsgS-jiPJZezlWGcMT5fMGtw,AF1QipP3uLTxp7JBdSEI1arLdrVpzmVWxPsfUREzogQc,local/non_tomato_species/images/135_AF1QipMmcbkEvj6cQE_kCXNmfLRA0sdlDIgZoKhBX8ci.jpg
157,2026-03-02,AF1QipOJh9HPnO_BUmCjgpFMnN3beATa0yj_nCQg6kvz,https://lh3.googleusercontent.com/pw/AP1GczPw2jcV1wRmqW1OAysb_F1fLvBI-DTiB5oizpeJ0ajIBi33iphjD4BjgXHJbK3L3yPj3gARh1fDfnBw1jnqvgXe8BfCGXioHzvcyxZR33-vVPbaLIjD,unknown,tomato,Tomato,,Solanum lycopersicum,0.522685,0.448733,0.073953,medium,apply_seed_override,AF1QipM1i3MSJ0yhTT2hSftqHOFdl3W_wWqD5xJY0F34,AF1QipPy0PJSqnwpfWm_W4pspUcOt_QTWuAzcKvpBi_4,local/non_tomato_species/images/157_AF1QipOJh9HPnO_BUmCjgpFMnN3beATa0yj_nCQg6kvz.jpg
134,2026-03-02,AF1QipM6iIoxDiNhaFkFxFQyvXeXdH-W1tfN4vOatqKu,https://lh3.googleusercontent.com/pw/AP1GczOAy5WPZpVJIQPzfR3nzWKAtiPmo-NWBFJcHqcEvP8EyH7o4HEEIJ10izNWWu2ND0VwdGG481wDh_EMS6cU5PaeCHZYcMKKgJk-ka_zZ9f0Pk7Q1HIn,unknown,non_tomato,Turnip,Turnip,Brassica rapa subsp. rapa,0.451331,0.520199,0.068868,medium,apply_seed_override,AF1QipOLVxSyli52QM5HMEqdgY_3saaI5bYdnoJgIolG,AF1QipOFj7AJ4wBEzoSghT-FmoK39t8yyzYEN5BeNu8N,local/non_tomato_species/images/134_AF1QipM6iIoxDiNhaFkFxFQyvXeXdH-W1tfN4vOatqKu.jpg
150,2026-03-02,AF1QipM7ErDnZYljEJkB-ofkNUp8AAvkCSzr5NMfyvuK,https://lh3.googleusercontent.com/pw/AP1GczPpIS64D87ympg1KiOEa-ubnHCtj99wTUgnWpgvCIxTocsq9cW1s-zVHf0MZ1AOip3sDClEBMgZOuAJV84kbifFYIYDYFuwDt7Zu2zfXjdC6VM_iMc1,unknown,non_tomato,Spinach,Spinach,Spinacia oleracea,0.733718,0.799479,0.065761,medium,apply_seed_override,AF1QipNPL4nt2YpB_XIcQzYhO655wqvWMHRH-KHmtrYL,AF1QipP3uLTxp7JBdSEI1arLdrVpzmVWxPsfUREzogQc,local/non_tomato_species/images/150_AF1QipM7ErDnZYljEJkB-ofkNUp8AAvkCSzr5NMfyvuK.jpg
141,2026-03-02,AF1QipOP1BtfTSynptfuFyFtDgSWrW23PnhK6TR8ye8y,https://lh3.googleusercontent.com/pw/AP1GczPdKxQ6CRsP-MecRkh_FaLFDAdfFKqRJ-LFWh-CJcYXT3CmZ15Hn7iwdJVb6-LwU8fIiyyFTnnC8rLr8UvzviDbgJ6QWijahTx_b3FYn0QqWitTUa_E,unknown,non_tomato,Spinach,Spinach,Spinacia oleracea,0.625959,0.691171,0.065213,medium,apply_seed_override,AF1QipM1i3MSJ0yhTT2hSftqHOFdl3W_wWqD5xJY0F34,AF1QipOAixlyabr6w5IntjDZchh5IVfv3jAqII7bUhAI,local/non_tomato_species/images/141_AF1QipOP1BtfTSynptfuFyFtDgSWrW23PnhK6TR8ye8y.jpg
179,2026-03-02,AF1QipN8-oTE3TTH1pc7oJ4_3fWORg64Vna2I-GJasMG,https://lh3.googleusercontent.com/pw/AP1GczO45nvLxXqdJLN_YnC1RBorcBYkgzoVPTmI7FHr4MaYdQ9qvLtJew1MYHdt4URMEJ_0KSTYf9zZ9VDlKNjbFvj25qOsBgGpMFGKHvvG8URAS5LWWP6Q,unknown,tomato,Tomato,,Solanum lycopersicum,0.758366,0.696766,0.061601,medium,apply_seed_override,AF1QipM1i3MSJ0yhTT2hSftqHOFdl3W_wWqD5xJY0F34,AF1QipOAixlyabr6w5IntjDZchh5IVfv3jAqII7bUhAI,local/non_tomato_species/images/179_AF1QipN8-oTE3TTH1pc7oJ4_3fWORg64Vna2I-GJasMG.jpg
142,2026-03-02,AF1QipMYxaaQ1a5DnR4bMJQ9FbbNbhvl941JmtnxmnGk,https://lh3.googleusercontent.com/pw/AP1GczPDDGBzwuhlvae9MV76pX-cnBA6KiWd2djixmS48FlaX0u8MaUnBnrz3KF2Dj3T6T9fAkSENAQp1OoUo6c0XiwN3uTHfPykuhcLws0hrVLqT2OKuepA,unknown,tomato,Tomato,,Solanum lycopersicum,0.68848,0.628097,0.060383,medium,apply_seed_override,AF1QipM1i3MSJ0yhTT2hSftqHOFdl3W_wWqD5xJY0F34,AF1QipOAixlyabr6w5IntjDZchh5IVfv3jAqII7bUhAI,local/non_tomato_species/images/142_AF1QipMYxaaQ1a5DnR4bMJQ9FbbNbhvl941JmtnxmnGk.jpg
160,2026-03-02,AF1QipOl16sqejknPt29KspylLvSwCJQ_WbXEbaSvXO1,https://lh3.googleusercontent.com/pw/AP1GczOUcSsYP3deXDqoImde-OPXRKDj8212awcQaC_VmlVLExK3XqMy4dHgzsSR2Sk9wFBWLp8Dg9NwPdIUPZjMipg0saIXU3X444JiYadfYW8TJnee8oUl,unknown,tomato,Tomato,,Solanum lycopersicum,0.610751,0.550606,0.060145,medium,apply_seed_override,AF1QipPAAscveydu_pS2BDKBY5GW6c2PcX28PTEVjWAg,AF1QipP3uLTxp7JBdSEI1arLdrVpzmVWxPsfUREzogQc,local/non_tomato_species/images/160_AF1QipOl16sqejknPt29KspylLvSwCJQ_WbXEbaSvXO1.jpg
136,2026-03-02,AF1QipMfX7LtX3EQc69IEisTmLvdCSH-x4rOK88WhIdu,https://lh3.googleusercontent.com/pw/AP1GczOZOGIcP29a-uSmwGy4N2PpWA6xx_cEnmt3S1YhEKJzh2UuejXPnQd9qoNW3xXph0zXE5fYBDAf20mHgXivv4VkUuN8OLhgfcXugB6x1VkRCwPvjkr0,unknown,non_tomato,Spinach,Spinach,Spinacia oleracea,0.591056,0.649907,0.058851,medium,apply_seed_override,AF1QipOyJ1f5YmuDH5yEFsgS-jiPJZezlWGcMT5fMGtw,AF1QipOAixlyabr6w5IntjDZchh5IVfv3jAqII7bUhAI,local/non_tomato_species/images/136_AF1QipMfX7LtX3EQc69IEisTmLvdCSH-x4rOK88WhIdu.jpg
169,2026-03-02,AF1QipMc9rZXyISCZElycuKZ_cr7Ex4KOucT_34JQOEC,https://lh3.googleusercontent.com/pw/AP1GczMFbxniYvZEA9R9VYVO_W-ZUi9G7Bh9FdA-HR6dUOQTU_eJSKcsmTmRWMdU-xj2j0Y_5MrYVIIoFLfL18OGMLR5shm_Dfw3aPv_PAieZlpZreQpcC0f,unknown,tomato,Tomato,,Solanum lycopersicum,0.726466,0.675835,0.050631,medium,apply_seed_override,AF1QipM1i3MSJ0yhTT2hSftqHOFdl3W_wWqD5xJY0F34,AF1QipOAixlyabr6w5IntjDZchh5IVfv3jAqII7bUhAI,local/non_tomato_species/images/169_AF1QipMc9rZXyISCZElycuKZ_cr7Ex4KOucT_34JQOEC.jpg
178,2026-03-02,AF1QipOug35qsUr1vxkksitCkFPczGJmnvvdYl1tp5jb,https://lh3.googleusercontent.com/pw/AP1GczMc3uY3bN45kIhpFlSzOxTUi7S7kEd4sIha_SBa-QvDQWORQ4-qdCIl3Bnab7Ewfj6cJxz2MX0eWLWJjVxNfaT6LX9ArSF-u2AIxJplSpz0W6vRa9rZ,unknown,non_tomato,Spinach,Spinach,Spinacia oleracea,0.651466,0.701685,0.050219,medium,apply_seed_override,AF1QipOLVxSyli52QM5HMEqdgY_3saaI5bYdnoJgIolG,AF1QipOAixlyabr6w5IntjDZchh5IVfv3jAqII7bUhAI,local/non_tomato_species/images/178_AF1QipOug35qsUr1vxkksitCkFPczGJmnvvdYl1tp5jb.jpg
139,2026-03-02,AF1QipNRYxuxd_NyOFVwePbSqU8Pb1r1T30l5tOLU8Z8,https://lh3.googleusercontent.com/pw/AP1GczNVAmoE7GXTTGy23JEVNKWnT1b3DEmNK97OGOl7KjqdCxw5gOYd4j7Jz9NXmEBJoa_4uW2t4WgAagFVQZwaR2oa-SVXPMJOJaQnwKuUNU31Q1JQDAKG,unknown,tomato,Tomato,,Solanum lycopersicum,0.718421,0.668835,0.049586,low,manual_review,AF1QipM1i3MSJ0yhTT2hSftqHOFdl3W_wWqD5xJY0F34,AF1QipPU9RHgErKWJwJJ92pF-E0klp18nr0eMqppu6yS,local/non_tomato_species/images/139_AF1QipNRYxuxd_NyOFVwePbSqU8Pb1r1T30l5tOLU8Z8.jpg
186,2026-03-02,AF1QipMhUtP9eRJkU1Of1coR9_Syf4mw-lKx7B9HvKWv,https://lh3.googleusercontent.com/pw/AP1GczNCBJmSL4YUOp0f01m_wA5HTy2lj_hM3GBUeGhBG3fBuXrWQ-dD0jVShII9B3-smqKbH-IPgo7EyNIsGJPpgrgDgpwDRZh1-KTFqy-U2on2AmjsYErg,unknown,non_tomato,Spinach,Spinach,Spinacia oleracea,0.713355,0.762,0.048644,low,manual_review,AF1QipM1i3MSJ0yhTT2hSftqHOFdl3W_wWqD5xJY0F34,AF1QipOAixlyabr6w5IntjDZchh5IVfv3jAqII7bUhAI,local/non_tomato_species/images/186_AF1QipMhUtP9eRJkU1Of1coR9_Syf4mw-lKx7B9HvKWv.jpg
184,2026-03-02,AF1QipMvXMmraMru_j5CnrJd6gqT-AW_aGUK7_yPG4LM,https://lh3.googleusercontent.com/pw/AP1GczM1Yi8vX11V-9tJQeAgZlMOnjDdWSHCqeGEyqrg6Dm3uq5b9yzBh4CT6la262ShQ7s3MWK1DI3iNrNiZjbL1ewEElw1UEoNgsYKknz757VyUNLbq2js,unknown,non_tomato,Turnip,Turnip,Brassica rapa subsp. rapa,0.440287,0.485754,0.045467,low,manual_review,AF1QipOLVxSyli52QM5HMEqdgY_3saaI5bYdnoJgIolG,AF1QipOFj7AJ4wBEzoSghT-FmoK39t8yyzYEN5BeNu8N,local/non_tomato_species/images/184_AF1QipMvXMmraMru_j5CnrJd6gqT-AW_aGUK7_yPG4LM.jpg
187,2026-03-02,AF1QipPwKYyU88Dp85N2NDeVtt4AZrHOSEs1N2HATNY3,https://lh3.googleusercontent.com/pw/AP1GczPQK0Lb5YdyieF3iYpMWy41Ho6AZEjUcwSo8zBacYDVuUn5vzBkwj4wHl_srDciVPufwJiAEGe4hf0srD3EPQ5B1KLaIONEs-C_o7_vkam_iCsOGO_6,unknown,tomato,Tomato,,Solanum lycopersicum,0.729268,0.68464,0.044628,low,manual_review,AF1QipOKLGjadxmA3cB21dGUO7lBOdTQURwF1BvGZdiR,AF1QipOAixlyabr6w5IntjDZchh5IVfv3jAqII7bUhAI,local/non_tomato_species/images/187_AF1QipPwKYyU88Dp85N2NDeVtt4AZrHOSEs1N2HATNY3.jpg
153,2026-03-02,AF1QipOTuq30BPYRZfJ0opXVHK8nqT1jvaSCBEJ4iRkp,https://lh3.googleusercontent.com/pw/AP1GczNrq8hSgOG5HyQ6A1iTxFaqgdt8iY9m0XZHA6MDlh5J115Ris32UXHzuTKB9aKOoi4YHA4uFmFuZ1XIT1any80w3syfVMS7ujoSaCqOeC5mkw8teVQL,unknown,non_tomato,Spinach,Spinach,Spinacia oleracea,0.624116,0.666358,0.042242,low,manual_review,AF1QipNjCXO2DCyYSPo8z8XBD0Ec50YkcouPnONL4iMi,AF1QipOAixlyabr6w5IntjDZchh5IVfv3jAqII7bUhAI,local/non_tomato_species/images/153_AF1QipOTuq30BPYRZfJ0opXVHK8nqT1jvaSCBEJ4iRkp.jpg
132,2026-03-02,AF1QipMvyYN1mzzMjVquJqrjZWyiYbU3tlnhUA6WEDUK,https://lh3.googleusercontent.com/pw/AP1GczM80SelnfzqRB2K1MG0T9zOgZn7_0VN9TKbp-R6ucR3a55-e0sk44h2UrwQFdWJ69dcyxCaiKBJxv5Uh52pahiuQs_0B6U5OptgdMF3iUUAlWZh7GUn,unknown,non_tomato,Turnip,Turnip,Brassica rapa subsp. rapa,0.566097,0.60745,0.041354,low,manual_review,AF1QipOLVxSyli52QM5HMEqdgY_3saaI5bYdnoJgIolG,AF1QipOFj7AJ4wBEzoSghT-FmoK39t8yyzYEN5BeNu8N,local/non_tomato_species/images/132_AF1QipMvyYN1mzzMjVquJqrjZWyiYbU3tlnhUA6WEDUK.jpg
185,2026-03-02,AF1QipPc9T2qyGq07ITY9OjbRclKFUHdj2qELmCBzqEx,https://lh3.googleusercontent.com/pw/AP1GczOidSl5ZaP8yGhe0LDfK4U-AAvk_2PhEw4D9BaiJY2uJnkc57DqGBFGf2_2CmXygqqwchLBk_LhD3dhVCCm9QJ7BaeCWy-bUnn5FY7qoCVoC8JlpU1I,unknown,non_tomato,Turnip,Turnip,Brassica rapa subsp. rapa,0.617216,0.654827,0.03761,low,manual_review,AF1QipOyJ1f5YmuDH5yEFsgS-jiPJZezlWGcMT5fMGtw,AF1QipOFj7AJ4wBEzoSghT-FmoK39t8yyzYEN5BeNu8N,local/non_tomato_species/images/185_AF1QipPc9T2qyGq07ITY9OjbRclKFUHdj2qELmCBzqEx.jpg
137,2026-03-02,AF1QipNy6IAJ7g9snpcjVQBGuiZZFlZdom9VlZQ28rJM,https://lh3.googleusercontent.com/pw/AP1GczP51JGt-aWTM6F_8iwfCt3QQ_ndwGOrI_KUPptLMepuAx2WJXW5kO_6a30kkjotflSCdwKjObqts_pdASC8QLi6W6ymLkELKduV9tRL1c43N93JrR0p,unknown,tomato,Tomato,,Solanum lycopersicum,0.585842,0.548744,0.037098,low,manual_review,AF1QipPAAscveydu_pS2BDKBY5GW6c2PcX28PTEVjWAg,AF1QipOAixlyabr6w5IntjDZchh5IVfv3jAqII7bUhAI,local/non_tomato_species/images/137_AF1QipNy6IAJ7g9snpcjVQBGuiZZFlZdom9VlZQ28rJM.jpg
162,2026-03-02,AF1QipOHuLfshOOdh8Xo38ggTDl_afVmKInYKsXrnFxH,https://lh3.googleusercontent.com/pw/AP1GczNmq0rpCORh7x5XOQM4X41JPmtdvHCLJcfBLpktCfBL-8ElFsB-BB0V9iEwZ7uN0D40t6ucipihj20F9amk3jqYLUwFveOpyriO55TDgTJ45VfwxxNA,unknown,tomato,Tomato,,Solanum lycopersicum,0.484127,0.449363,0.034764,low,manual_review,AF1QipM1i3MSJ0yhTT2hSftqHOFdl3W_wWqD5xJY0F34,AF1QipOAixlyabr6w5IntjDZchh5IVfv3jAqII7bUhAI,local/non_tomato_species/images/162_AF1QipOHuLfshOOdh8Xo38ggTDl_afVmKInYKsXrnFxH.jpg
170,2026-03-02,AF1QipMe7FO1SjBH7GTrbV7jtxVy5T8knbjM5F4TVIJX,https://lh3.googleusercontent.com/pw/AP1GczPpynyaAyxjXsDatepfhdneM7wJZY0hZxxAgO9afdA3mgfs44tWMoDxjmxaYfRFq8xEPIhUI_Fu_ZOuAWIesTBQUjTwQLEEDTE83-N1dHaC0mZX1dWU,unknown,non_tomato,Spinach,Spinach,Spinacia oleracea,0.554209,0.585626,0.031417,low,manual_review,AF1QipM1i3MSJ0yhTT2hSftqHOFdl3W_wWqD5xJY0F34,AF1QipOAixlyabr6w5IntjDZchh5IVfv3jAqII7bUhAI,local/non_tomato_species/images/170_AF1QipMe7FO1SjBH7GTrbV7jtxVy5T8knbjM5F4TVIJX.jpg
146,2026-03-02,AF1QipPXkj-TQco16R2-m7KECFNBzOYLPqyFLRydHEcA,https://lh3.googleusercontent.com/pw/AP1GczMf4vrPwqrqdLVYc2nYVYq_Vu6BiXoRxYWr2ZObZIK6rm1_D23ApFphDsgkJYjkaesdq4KJEUiUWjPRflqF_1oVyUL4EPdRV6_9BRWAh3xx3OZbo0l1,unknown,tomato,Tomato,,Solanum lycopersicum,0.793423,0.762374,0.031049,low,manual_review,AF1QipM1i3MSJ0yhTT2hSftqHOFdl3W_wWqD5xJY0F34,AF1QipOAixlyabr6w5IntjDZchh5IVfv3jAqII7bUhAI,local/non_tomato_species/images/146_AF1QipPXkj-TQco16R2-m7KECFNBzOYLPqyFLRydHEcA.jpg
131,2026-03-02,AF1QipN5gfR3WxqZUS6uqKbhrX2BUa2lxLqM34NEwmur,https://lh3.googleusercontent.com/pw/AP1GczOU9-5YZu21qeUotW9CCgDo4UVeI7I5s23bDN_akKRCFGnmRLz9jwPg7Pll6j-DeRZdvv9vDwNCVoGDvfqa6YmJPT6j7iav8LvwikeLkyoSU-nYWPjl,unknown,non_tomato,Spinach,Spinach,Spinacia oleracea,0.617672,0.648597,0.030925,low,manual_review,AF1QipM1i3MSJ0yhTT2hSftqHOFdl3W_wWqD5xJY0F34,AF1QipOAixlyabr6w5IntjDZchh5IVfv3jAqII7bUhAI,local/non_tomato_species/images/131_AF1QipN5gfR3WxqZUS6uqKbhrX2BUa2lxLqM34NEwmur.jpg
165,2026-03-02,AF1QipNuFJcWWc6ud1LTH3a-PTTM_2n58vs3oRYydqo4,https://lh3.googleusercontent.com/pw/AP1GczMw1vY-38bTvdENx8P_AFwcc8FLIZaGyPkZo3qLsUdj2eCrkhz9KoNgSB4D3WZ9NoIUinDObS94Ok8CzaZdsENNOlTCSnzt1Pr1-jjIlH4l2uF5ynpV,unknown,non_tomato,Spinach,Spinach,Spinacia oleracea,0.713019,0.743752,0.030733,low,manual_review,AF1QipM1i3MSJ0yhTT2hSftqHOFdl3W_wWqD5xJY0F34,AF1QipOAixlyabr6w5IntjDZchh5IVfv3jAqII7bUhAI,local/non_tomato_species/images/165_AF1QipNuFJcWWc6ud1LTH3a-PTTM_2n58vs3oRYydqo4.jpg
148,2026-03-02,AF1QipOWNXDoEemZZiruSdTGmvtOgsuQLFvkupyZLk66,https://lh3.googleusercontent.com/pw/AP1GczOUotMqmooUO47N-vIi63oldxh3LLyaUKKCOTENNaRnlYGSsysYqaJGq5wf3RYkccIr9qZ0i_-aT6LWH_PrnMxWKQvXVfKe5I83eM4IgUlodJTFi0Jt,unknown,non_tomato,Spinach,Spinach,Spinacia oleracea,0.673466,0.703982,0.030516,low,manual_review,AF1QipM1i3MSJ0yhTT2hSftqHOFdl3W_wWqD5xJY0F34,AF1QipOAixlyabr6w5IntjDZchh5IVfv3jAqII7bUhAI,local/non_tomato_species/images/148_AF1QipOWNXDoEemZZiruSdTGmvtOgsuQLFvkupyZLk66.jpg
171,2026-03-02,AF1QipNx-9sMXxHwQX74NBUUvMUq8hxSAHXMGJI5fXRz,https://lh3.googleusercontent.com/pw/AP1GczMSju0oEaKjyjL8DaNw8HcfU95K6vlNlvX7-YaqM40VboJaAuqY7UpfAcaMSraV9Q3kNvRCNpGMxs0UnUU_8f_jJe3N52wLKTJXzJKQK_EtbbE2GiDd,unknown,tomato,Tomato,,Solanum lycopersicum,0.68747,0.657288,0.030182,low,manual_review,AF1QipNjCXO2DCyYSPo8z8XBD0Ec50YkcouPnONL4iMi,AF1QipOAixlyabr6w5IntjDZchh5IVfv3jAqII7bUhAI,local/non_tomato_species/images/171_AF1QipNx-9sMXxHwQX74NBUUvMUq8hxSAHXMGJI5fXRz.jpg
144,2026-03-02,AF1QipMaIfD8GDlR8AAiMdCihN1lzne_dHUawJ1g8Yj0,https://lh3.googleusercontent.com/pw/AP1GczMpCoKJRWQvFAzHL_sF5XAS4wAzrK4IaxETbIJ2Bt9Zs1K7gLA798CPrs6RJ07mrdmLvM2v0wUyCeHR--tjIpRjoZzlp761uxHfXVS1SXToLM8_CxMM,unknown,non_tomato,Spinach,Spinach,Spinacia oleracea,0.620187,0.645205,0.025018,low,manual_review,AF1QipM1i3MSJ0yhTT2hSftqHOFdl3W_wWqD5xJY0F34,AF1QipOAixlyabr6w5IntjDZchh5IVfv3jAqII7bUhAI,local/non_tomato_species/images/144_AF1QipMaIfD8GDlR8AAiMdCihN1lzne_dHUawJ1g8Yj0.jpg
161,2026-03-02,AF1QipMheE1dSxPz40lTahvCA5UY2ErMbEBYOGTYM6Wt,https://lh3.googleusercontent.com/pw/AP1GczMVclHfeEFsQ2hfC-ZOnHBXi7ZNftZv2bUnFC_tBtgswQZYu9r57BbrZo9yhncRBjbafOryNk1VYWemLIrcik47np8d83kv0-ZIQbVI4RVB85ddcZrN,unknown,tomato,Tomato,,Solanum lycopersicum,0.50709,0.48212,0.02497,low,manual_review,AF1QipNP68Vw7mvYGsv5QBHZUceKBkEDLjdMJrAvrxd7,AF1QipOFj7AJ4wBEzoSghT-FmoK39t8yyzYEN5BeNu8N,local/non_tomato_species/images/161_AF1QipMheE1dSxPz40lTahvCA5UY2ErMbEBYOGTYM6Wt.jpg
190,2026-03-02,AF1QipPIviY86h9HnNqI_sSK1qNTYH9RqC65mr7HEEIc,https://lh3.googleusercontent.com/pw/AP1GczMuqvxJbyfyLXu7rP9ScBfHuEVgryNPOZwO03dd72D8u4FAih8-h4T-yKzQ9b6dRvv6OHFB5Z4QG_z49Tkue1c6qZEKSWFVNX_n7FGVKKUXBVBaDu5U,unknown,non_tomato,Spinach,Spinach,Spinacia oleracea,0.807159,0.828505,0.021347,low,manual_review,AF1QipM1i3MSJ0yhTT2hSftqHOFdl3W_wWqD5xJY0F34,AF1QipND0gAwfUQ1xbVpfJqHJ7hJJjb6fhFYSQdo4CWe,local/non_tomato_species/images/190_AF1QipPIviY86h9HnNqI_sSK1qNTYH9RqC65mr7HEEIc.jpg
149,2026-03-02,AF1QipPPTw7XJRx8EH6PAjrXeW1cLf83QwBfLleagAJQ,https://lh3.googleusercontent.com/pw/AP1GczMOQGLfVk2tnVjDvsSRS4cO7Tg1KvKxs41M46tTUzHB7pjXoFrpQw05YsEhnG_InBZjxspTpStDr1LLMfGbGhqK4hVq_LQ7olOv8GbtXDSSok7B3Oky,unknown,non_tomato,Spinach,Spinach,Spinacia oleracea,0.623686,0.644681,0.020994,low,manual_review,AF1QipNjCXO2DCyYSPo8z8XBD0Ec50YkcouPnONL4iMi,AF1QipOAixlyabr6w5IntjDZchh5IVfv3jAqII7bUhAI,local/non_tomato_species/images/149_AF1QipPPTw7XJRx8EH6PAjrXeW1cLf83QwBfLleagAJQ.jpg
138,2026-03-02,AF1QipP9MjBtBsvgqtG_9wjMlttUnNzGVCgEfGQJxcIO,https://lh3.googleusercontent.com/pw/AP1GczOAW0YJnMprvTRpSwGZIuqG-jX-1N6RRNWlnqi0Q3ggo54vLzguJtMGJmCQKiZNMyew31NPLzdjZa_3x-npZJ3rY_nx8-RJV3D-pAvk7MAi104sQrz_,unknown,tomato,Tomato,,Solanum lycopersicum,0.747372,0.726775,0.020597,low,manual_review,AF1QipOKLGjadxmA3cB21dGUO7lBOdTQURwF1BvGZdiR,AF1QipPy0PJSqnwpfWm_W4pspUcOt_QTWuAzcKvpBi_4,local/non_tomato_species/images/138_AF1QipP9MjBtBsvgqtG_9wjMlttUnNzGVCgEfGQJxcIO.jpg
173,2026-03-02,AF1QipP_lRnJVTUjHw_u9q0g99xFiyOGNmg9JgGdCyjK,https://lh3.googleusercontent.com/pw/AP1GczONuQoJ0ykid7wl6xN1Fg2yUEIftGHSoIIXsDBWJTjr0Bmbo073ptLuVEQh2zNQnG2r7kT05lwobidHOjjqVy0PHPHbrdARFKxLjyF6tgzM69hySr6x,unknown,tomato,Tomato,,Solanum lycopersicum,0.612195,0.594277,0.017919,low,manual_review,AF1QipM1i3MSJ0yhTT2hSftqHOFdl3W_wWqD5xJY0F34,AF1QipOAixlyabr6w5IntjDZchh5IVfv3jAqII7bUhAI,local/non_tomato_species/images/173_AF1QipP_lRnJVTUjHw_u9q0g99xFiyOGNmg9JgGdCyjK.jpg
174,2026-03-02,AF1QipNbUPh0ZYrpwlf8C8DdP7DYftGoxiUpU6EMSHoR,https://lh3.googleusercontent.com/pw/AP1GczMdnZ39mUAgwoc84Rxnq00Fg1o556T4W7PmvDXaNwl1zGQR9E3pAuYyABT73dSJoD3lh5AdD5k5EECjmiWVOYO7YfcSv49o0haT7dBnIV19gMi40Ww9,unknown,tomato,Tomato,,Solanum lycopersicum,0.77123,0.754041,0.01719,low,manual_review,AF1QipM1i3MSJ0yhTT2hSftqHOFdl3W_wWqD5xJY0F34,AF1QipOAixlyabr6w5IntjDZchh5IVfv3jAqII7bUhAI,local/non_tomato_species/images/174_AF1QipNbUPh0ZYrpwlf8C8DdP7DYftGoxiUpU6EMSHoR.jpg
154,2026-03-02,AF1QipPhU7p78epGmBC4FC6FOY5-ujTiyDSrggwDXVdQ,https://lh3.googleusercontent.com/pw/AP1GczNCgeluiypknK2OxsxcqdPlAX-NbUp4OdVE--1EpZy1AiAAdr_siN4ArR28Q6rr_usbnYpSzi3cLR2HN-vVEzcE3Lksj5FbXs-IK5AtJCCLuWhI11Xz,unknown,tomato,Tomato,,Solanum lycopersicum,0.618552,0.601867,0.016686,low,manual_review,AF1QipM1i3MSJ0yhTT2hSftqHOFdl3W_wWqD5xJY0F34,AF1QipOAixlyabr6w5IntjDZchh5IVfv3jAqII7bUhAI,local/non_tomato_species/images/154_AF1QipPhU7p78epGmBC4FC6FOY5-ujTiyDSrggwDXVdQ.jpg
166,2026-03-02,AF1QipORK_RlfcA5EYwS2_UtbDn_xNRQRABKK9_Fkxy6,https://lh3.googleusercontent.com/pw/AP1GczPB7krEUyObYKK1RSReRo9DJK9iIAkB3zYed6f_VbU2bHnCbejRmeZne1clGOnBO9_937ks3x4hFA9HVD-cLgeqUNjAzGoadc_-Du-eMEomfLQU8qPR,unknown,tomato,Tomato,,Solanum lycopersicum,0.715857,0.699361,0.016496,low,manual_review,AF1QipM1i3MSJ0yhTT2hSftqHOFdl3W_wWqD5xJY0F34,AF1QipOAixlyabr6w5IntjDZchh5IVfv3jAqII7bUhAI,local/non_tomato_species/images/166_AF1QipORK_RlfcA5EYwS2_UtbDn_xNRQRABKK9_Fkxy6.jpg
140,2026-03-02,AF1QipPJ0vshr3ZMKW54GtDen-TukUmWnG7PrnaiaF9f,https://lh3.googleusercontent.com/pw/AP1GczMMAucZeldlJSvwwp0D5cIHyhcTYVf2FX9uc73WvtwaeJ_dpZEWuVQzniHtcJZiV0x74eLXzE2KacRc47WZjjtAq4wl222Jn72Bm4N99hrTPvZvpikS,unknown,non_tomato,Spinach,Spinach,Spinacia oleracea,0.752126,0.768325,0.016199,low,manual_review,AF1QipM1i3MSJ0yhTT2hSftqHOFdl3W_wWqD5xJY0F34,AF1QipOAixlyabr6w5IntjDZchh5IVfv3jAqII7bUhAI,local/non_tomato_species/images/140_AF1QipPJ0vshr3ZMKW54GtDen-TukUmWnG7PrnaiaF9f.jpg
183,2026-03-02,AF1QipNSDN45nrMljfJzK3Rod_6cqPHxGm5QbLgSEqRL,https://lh3.googleusercontent.com/pw/AP1GczNWoYi-9JlmdJ00NCnMPNzqsagK000IxKirHmJxWdevqYSgUIBrDvGRYUMK2u1EpDsWJz961mfZlzkcB5-47mptIoNwmR5HsIctGGiTa0SQfRygE6os,unknown,tomato,Tomato,,Solanum lycopersicum,0.6638,0.647768,0.016032,low,manual_review,AF1QipM1i3MSJ0yhTT2hSftqHOFdl3W_wWqD5xJY0F34,AF1QipOAixlyabr6w5IntjDZchh5IVfv3jAqII7bUhAI,local/non_tomato_species/images/183_AF1QipNSDN45nrMljfJzK3Rod_6cqPHxGm5QbLgSEqRL.jpg
163,2026-03-02,AF1QipO8F_jK8jU-K27feRkAoX9sztXBBzsy26f_wuW2,https://lh3.googleusercontent.com/pw/AP1GczPExJ7tlh4oQVQwJumhBoAyywK0RYuEPmK4O2QQucTp_isHD0uL9jfFel56CpvMIv1zG_98l3BfZ7p-B2T0bUyYDOt6DCSbzVzntJxZ48xLrE_VFyT4,unknown,non_tomato,Spinach,Spinach,Spinacia oleracea,0.449414,0.465367,0.015953,low,manual_review,AF1QipOLVxSyli52QM5HMEqdgY_3saaI5bYdnoJgIolG,AF1QipP3uLTxp7JBdSEI1arLdrVpzmVWxPsfUREzogQc,local/non_tomato_species/images/163_AF1QipO8F_jK8jU-K27feRkAoX9sztXBBzsy26f_wuW2.jpg
143,2026-03-02,AF1QipNGhSt4pPmYcJwOrXFENjyjjdGClKtE80OAtgBt,https://lh3.googleusercontent.com/pw/AP1GczMcVJ14pfIuY0XhqN2n-LQAeWEdm-zn5jmha2GbdOcfGOrbjUUDFoh1UzET8ROf4Gvys0c_NPfBNIMwzb08g7O8BDju5WxvLNVAuC7uuh0Wh6R-ucAh,unknown,tomato,Tomato,,Solanum lycopersicum,0.756588,0.740771,0.015817,low,manual_review,AF1QipM1i3MSJ0yhTT2hSftqHOFdl3W_wWqD5xJY0F34,AF1QipOAixlyabr6w5IntjDZchh5IVfv3jAqII7bUhAI,local/non_tomato_species/images/143_AF1QipNGhSt4pPmYcJwOrXFENjyjjdGClKtE80OAtgBt.jpg
155,2026-03-02,AF1QipPKHZGl_rd68Tg558KbJDS5x9Sz__Rz1DIZ2_F8,https://lh3.googleusercontent.com/pw/AP1GczNzmCLrAvGQqonjXH-IR1x7M0FKcp6yd570Bxv70eHRnvKyECgngbogyF18DEc0pE1cdM299TmRTgokGCcG9S_GOFzsoMtEiCZsSQAJMPKkq4r9gIVC,unknown,tomato,Tomato,,Solanum lycopersicum,0.546218,0.533259,0.012959,low,manual_review,AF1QipOLVxSyli52QM5HMEqdgY_3saaI5bYdnoJgIolG,AF1QipP3uLTxp7JBdSEI1arLdrVpzmVWxPsfUREzogQc,local/non_tomato_species/images/155_AF1QipPKHZGl_rd68Tg558KbJDS5x9Sz__Rz1DIZ2_F8.jpg
188,2026-03-02,AF1QipPcvIRPNKi8_pe0U80eFZHKdu6cSDGidOGtTuHw,https://lh3.googleusercontent.com/pw/AP1GczMXDLq_iiHamLz5SRxcqRnVTWdjIRZkmxkoY_QGKom1vI5V8cN_MnQNXqSjM1mFap-5VgEd-vtx08kBRJyTTDLsE3sGRm4Au6QCMFLi-m4zC31pCqkI,unknown,non_tomato,Spinach,Spinach,Spinacia oleracea,0.727483,0.739291,0.011808,low,manual_review,AF1QipM1i3MSJ0yhTT2hSftqHOFdl3W_wWqD5xJY0F34,AF1QipOAixlyabr6w5IntjDZchh5IVfv3jAqII7bUhAI,local/non_tomato_species/images/188_AF1QipPcvIRPNKi8_pe0U80eFZHKdu6cSDGidOGtTuHw.jpg
181,2026-03-02,AF1QipPaEHh5Ou63o-uKT7SY-ty30c8VPPWNvyoh9Lu1,https://lh3.googleusercontent.com/pw/AP1GczN2fbbE3JvjT-L6PknPKXd6PZv342KbFb6cbKFLPDuWwweseeRUewzhkJ-udwx9jRfg_ZNtIQZTmVbpSPLVN2YO9oESB5gEEyV0xOAGUqEYqxy5IQ7T,unknown,tomato,Tomato,,Solanum lycopersicum,0.67309,0.663223,0.009867,low,manual_review,AF1QipM1i3MSJ0yhTT2hSftqHOFdl3W_wWqD5xJY0F34,AF1QipOAixlyabr6w5IntjDZchh5IVfv3jAqII7bUhAI,local/non_tomato_species/images/181_AF1QipPaEHh5Ou63o-uKT7SY-ty30c8VPPWNvyoh9Lu1.jpg
156,2026-03-02,AF1QipNPIFsdeWrEwjQjtuzJMxvWfUwh9HG6YSPzxDwe,https://lh3.googleusercontent.com/pw/AP1GczOLeKoydRm3pDTy_CQH5dqYAZ4uoTd3N3HcadKzm0cI5nz6jbzHfytm1_yWYDbN1EvF5q2_SIdAPec1pgpN-5G12Y7FyTO0s8D3jLzsjftdHac5PR4C,unknown,non_tomato,Spinach,Spinach,Spinacia oleracea,0.606714,0.615179,0.008465,low,manual_review,AF1QipM1i3MSJ0yhTT2hSftqHOFdl3W_wWqD5xJY0F34,AF1QipOAixlyabr6w5IntjDZchh5IVfv3jAqII7bUhAI,local/non_tomato_species/images/156_AF1QipNPIFsdeWrEwjQjtuzJMxvWfUwh9HG6YSPzxDwe.jpg
168,2026-03-02,AF1QipPxPXwvuEh9yPc76V6ncOYw-psd6O_dlPot69Oh,https://lh3.googleusercontent.com/pw/AP1GczNr2-4vPGn2uxKDeH5KCJpcenb3rsjmHvBXXskRFp2w3XvkkmSa3zgzQH4Mc-ofqwq27ByNp4NV2xJh1RsmH1HzlR7ENnQsuWyDLAULSZardzx1Qdbi,unknown,tomato,Tomato,,Solanum lycopersicum,0.736632,0.730016,0.006616,low,manual_review,AF1QipM1i3MSJ0yhTT2hSftqHOFdl3W_wWqD5xJY0F34,AF1QipOAixlyabr6w5IntjDZchh5IVfv3jAqII7bUhAI,local/non_tomato_species/images/168_AF1QipPxPXwvuEh9yPc76V6ncOYw-psd6O_dlPot69Oh.jpg
189,2026-03-02,AF1QipN8GWIJ88fcj9l-N7OM9f9k9BEVmkALJ-PT0WKO,https://lh3.googleusercontent.com/pw/AP1GczNnKrWPtrWWmYU8dXgbYdXJqAUWqlQmqJinAGG79guH-40vd2JiHesH7w4sj1tWdDKu7_50Z_cR1NCnp_4j2L8v4nUA2C8wSHCx0fIFfUqZTjEZwRfO,unknown,tomato,Tomato,,Solanum lycopersicum,0.758851,0.75253,0.006321,low,manual_review,AF1QipM1i3MSJ0yhTT2hSftqHOFdl3W_wWqD5xJY0F34,AF1QipOAixlyabr6w5IntjDZchh5IVfv3jAqII7bUhAI,local/non_tomato_species/images/189_AF1QipN8GWIJ88fcj9l-N7OM9f9k9BEVmkALJ-PT0WKO.jpg
175,2026-03-02,AF1QipMYjSqsZN_qSD0zZZAHj01L01TOXu5RekX5b5JG,https://lh3.googleusercontent.com/pw/AP1GczPILK70gltMdgUgKTPpAJu0qVZI17SEjy-VPT06rupEkqcKSuE0aeMwk467U0TiGKTvBOpOlYEje-AGrt9QhN-m02qgdYVwLnXw-qZeYP4FFpBqMLsc,unknown,non_tomato,Spinach,Spinach,Spinacia oleracea,0.745392,0.75153,0.006137,low,manual_review,AF1QipOKLGjadxmA3cB21dGUO7lBOdTQURwF1BvGZdiR,AF1QipOAixlyabr6w5IntjDZchh5IVfv3jAqII7bUhAI,local/non_tomato_species/images/175_AF1QipMYjSqsZN_qSD0zZZAHj01L01TOXu5RekX5b5JG.jpg
130,2026-03-02,AF1QipMNNZIH90tEgpPyhaxsnfP-hJOTOlGnpT4LJE-8,https://lh3.googleusercontent.com/pw/AP1GczMAxYh4-d6irP2iTGkDxhgot4RmO5TLXnR3s-fpR-u455QVDZLDycj6aphjobofhhHwaXX1YLVdFVWHvMn_FMImRLx3xPZIBKBm1SnLxkg3m4RK-yuA,unknown,tomato,Tomato,,Solanum lycopersicum,0.571679,0.566551,0.005128,low,manual_review,AF1QipOyJ1f5YmuDH5yEFsgS-jiPJZezlWGcMT5fMGtw,AF1QipOFj7AJ4wBEzoSghT-FmoK39t8yyzYEN5BeNu8N,local/non_tomato_species/images/130_AF1QipMNNZIH90tEgpPyhaxsnfP-hJOTOlGnpT4LJE-8.jpg
152,2026-03-02,AF1QipOjGNsCfv-tsYGHyarrQMs3nTrPZltmVklIGjzg,https://lh3.googleusercontent.com/pw/AP1GczOEDchXRSSx0UeN_b1wzWYw_e7KQUEEIjfdWpujamBEl6svnZEJj1z8DtrGH0G-jSMqsEL2inbNZd9lOoWqNVv8XSNBvmchWizDrWr5y5c-9gSdrr6u,unknown,tomato,Tomato,,Solanum lycopersicum,0.734969,0.731363,0.003607,low,manual_review,AF1QipOyJ1f5YmuDH5yEFsgS-jiPJZezlWGcMT5fMGtw,AF1QipOAixlyabr6w5IntjDZchh5IVfv3jAqII7bUhAI,local/non_tomato_species/images/152_AF1QipOjGNsCfv-tsYGHyarrQMs3nTrPZltmVklIGjzg.jpg
151,2026-03-02,AF1QipOXV9RPCht4humiqjFC8X2wZPbgc1GRiF0kDTVf,https://lh3.googleusercontent.com/pw/AP1GczMIFhrCzfuLQ_0SzwjiD-xfQhoG92jI9i8ZsnnzZSmn-YYbbUpuHoGByySeuJT7R82J3UDlfpl6drHoZDZeWh3hPokUSvfF-0Upt5O4s4g6NDT4hu4B,unknown,tomato,Tomato,,Solanum lycopersicum,0.59576,0.593028,0.002732,low,manual_review,AF1QipNjCXO2DCyYSPo8z8XBD0Ec50YkcouPnONL4iMi,AF1QipMhYY3ADKACHG7cdnyQKr5EB6ubpjjpWykvU06O,local/non_tomato_species/images/151_AF1QipOXV9RPCht4humiqjFC8X2wZPbgc1GRiF0kDTVf.jpg
147,2026-03-02,AF1QipNxkrkshUxF_lwJu2ljDa0QtGjjNslDLkJolfsD,https://lh3.googleusercontent.com/pw/AP1GczOI3WbVUB3hF4Jp2S05-p7hO9eV3lp7wmflgZ9y03pTUCkdQcrDZdPkpyTlE8JxS8qr9XBTGjDSeF0WkLQqTnFeiDQ9DndPIb5J3EmXqdNN_T-QletX,unknown,non_tomato,Spinach,Spinach,Spinacia oleracea,0.572385,0.573236,0.00085,low,manual_review,AF1QipNjCXO2DCyYSPo8z8XBD0Ec50YkcouPnONL4iMi,AF1QipP3uLTxp7JBdSEI1arLdrVpzmVWxPsfUREzogQc,local/non_tomato_species/images/147_AF1QipNxkrkshUxF_lwJu2ljDa0QtGjjNslDLkJolfsD.jpg
