run_date,row_index,source_asset_id,photo_url,predicted_pot_id,predicted_pot_number,ocr_match_variants,ocr_numbers_detected,label_crop_path,center_crop_path,full_crop_path,true_pot_id,true_variety_name,truth_source,truth_note,reviewer,reviewed_at
2026-02-28,59,AF1QipPdG_T6UaPwBUD1RGWtW2icgq6HQUXJSBMzrBw0,https://lh3.googleusercontent.com/pw/AP1GczNJQ-lqly7-xBJ-l34F-wgErqItgEtx7-7CaLyjI7FkCJU-NXgSR86F9c8HgKc3vDVpkymmkNt4D87lIXHp_Hpx85mztsw8x2UK0QdMuuyvnNpnjmxI,1T,1,0,"2,3,4,5,7",data/research/v1_6/ocr_recovery/manual_label_queue/2026-02-28_1T_59_AF1QipPd_label.jpg,data/research/v1_6/ocr_recovery/manual_label_queue/2026-02-28_1T_59_AF1QipPd_center.jpg,data/research/v1_6/ocr_recovery/manual_label_queue/2026-02-28_1T_59_AF1QipPd_full.jpg,,,,,,
2026-03-01,94,AF1QipONKQXPCi8_IMuBZYIiNLRXP-o8Gm7HXKwK_kb8,https://lh3.googleusercontent.com/pw/AP1GczOjxb3VTYDP4apb8qaPNHif6bNia1CApVumcC_nFSwI4AaiF7m6Nn2NsEZ4EJsWwYQV2NoueJNTZx6mB9XhxPo4wnX1Rf8Ijm2xelUZOcrUWqmVwiBi,3T,3,0,"1,2,4,5,7,13",data/research/v1_6/ocr_recovery/manual_label_queue/2026-03-01_3T_94_AF1QipON_label.jpg,data/research/v1_6/ocr_recovery/manual_label_queue/2026-03-01_3T_94_AF1QipON_center.jpg,data/research/v1_6/ocr_recovery/manual_label_queue/2026-03-01_3T_94_AF1QipON_full.jpg,,,,,,
2026-02-28,60,AF1QipPanucT93rePbK9xX_BQVLGL0wKqkUC2oQVjCNj,https://lh3.googleusercontent.com/pw/AP1GczNxLKVf8Mn_Q_8H3wON3bIAD1FR5BppmWTUUo-KY6ayeqvUNED5Fs6uKVIkOC8-ilnilHUGkj37VCm-b1u6Tgan_zIiaSElNmxu5UHTjumExEpnIpPc,2T,2,0,"1,3,4,5,7",data/research/v1_6/ocr_recovery/manual_label_queue/2026-02-28_2T_60_AF1QipPa_label.jpg,data/research/v1_6/ocr_recovery/manual_label_queue/2026-02-28_2T_60_AF1QipPa_center.jpg,data/research/v1_6/ocr_recovery/manual_label_queue/2026-02-28_2T_60_AF1QipPa_full.jpg,,,,,,
2026-03-01,96,AF1QipN5UGDUBJE_TdMqBxwaVvmSpxhobGE5Jpp5IE9M,https://lh3.googleusercontent.com/pw/AP1GczN-QrU86g_vGhvYt_AcK9ymDlO731h82WXc9_EquF9I5Ni-5s5olT88XoQSyHZb7QqMuveSPB5KloXjsZmwrxWREwSulLqA0nCOg1GI-s9KxqpRpfVY,5T,5,0,"4,7,24,25",data/research/v1_6/ocr_recovery/manual_label_queue/2026-03-01_5T_96_AF1QipN5_label.jpg,data/research/v1_6/ocr_recovery/manual_label_queue/2026-03-01_5T_96_AF1QipN5_center.jpg,data/research/v1_6/ocr_recovery/manual_label_queue/2026-03-01_5T_96_AF1QipN5_full.jpg,,,,,,
2026-02-28,63,AF1QipPubP7Cfb9shgNI4FKnCnkt3v85xCt7AsTwt7S6,https://lh3.googleusercontent.com/pw/AP1GczMrotArG2N2Zxz7La5MVYV5pjHMDgQr7yCU229yKNevYqyjTNUXHQ0lXtrGIssYmB_Lp-_H7LWmpl_87Z4K2WB80jYWQXa5Nz4NN2YwSKSbXDNNsdTz,5T,5,0,"1,2,3,4,7,27",data/research/v1_6/ocr_recovery/manual_label_queue/2026-02-28_5T_63_AF1QipPu_label.jpg,data/research/v1_6/ocr_recovery/manual_label_queue/2026-02-28_5T_63_AF1QipPu_center.jpg,data/research/v1_6/ocr_recovery/manual_label_queue/2026-02-28_5T_63_AF1QipPu_full.jpg,,,,,,
2026-03-01,97,AF1QipMF9sn-jl1cee6mjqNHlog2czXKVlISGoQ3Ubpd,https://lh3.googleusercontent.com/pw/AP1GczNZ4eLtsGM2w1T9vYzfNGbpl-dx3_LrqYbWbx4qEr3LnIvavgNs_xSNMkrk8jIC8Wri_Fl6JrrJ7zeVxOp2LXuU5wPYzmsPPbO0EHR9zv2Y69zerHVT,6T,6,0,"4,7,20,32",data/research/v1_6/ocr_recovery/manual_label_queue/2026-03-01_6T_97_AF1QipMF_label.jpg,data/research/v1_6/ocr_recovery/manual_label_queue/2026-03-01_6T_97_AF1QipMF_center.jpg,data/research/v1_6/ocr_recovery/manual_label_queue/2026-03-01_6T_97_AF1QipMF_full.jpg,,,,,,
2026-02-28,64,AF1QipO0FF9Lbn43TXTt13Dwd5iLZtqrkOBABwpAla08,https://lh3.googleusercontent.com/pw/AP1GczM6bc1F-B2201LBBcQ1R5xYlONlTPuwvHw-1b853scHZaFhcpUTjbEnv20T4TH7cLE-fne0q8v3rKhrKlvxdDCclsmyWwEqhim6od-OCBqfTRCJ0GzG,6T,6,0,"2,5,7",data/research/v1_6/ocr_recovery/manual_label_queue/2026-02-28_6T_64_AF1QipO0_label.jpg,data/research/v1_6/ocr_recovery/manual_label_queue/2026-02-28_6T_64_AF1QipO0_center.jpg,data/research/v1_6/ocr_recovery/manual_label_queue/2026-02-28_6T_64_AF1QipO0_full.jpg,,,,,,
2026-03-01,99,AF1QipPhpVFmWxOEuSQR2TvDy31tpDiVeCfEW7xvZ-XF,https://lh3.googleusercontent.com/pw/AP1GczOBrjXaAkGQnGWS6uMfbvXd4giAtnWN_Ro7dtvLxrkvkEksaaGZkb918F4tHiTMI5e9yfFp1wNJQEN7q_mXqZg15IPW8uRTg6kc603xtoGvugaFhzsC,8T,8,0,"2,3,4,5,6",data/research/v1_6/ocr_recovery/manual_label_queue/2026-03-01_8T_99_AF1QipPh_label.jpg,data/research/v1_6/ocr_recovery/manual_label_queue/2026-03-01_8T_99_AF1QipPh_center.jpg,data/research/v1_6/ocr_recovery/manual_label_queue/2026-03-01_8T_99_AF1QipPh_full.jpg,,,,,,
2026-02-28,66,AF1QipNa_4m2EBDAlOxdIjS7hFZ5qQC7FzMHuKmo7-xM,https://lh3.googleusercontent.com/pw/AP1GczNZ14SytXrEOxI8P9lyQ3iPkimLtQ5de-L2-bbt5f_XzQ4qIvW7DF-UyByeHuN3biTzW5wSf2IV1fCPhIAxWdFOuSi-vbZRQT3US7cUh4QHK7bH2EYn,8T,8,0,"2,3,4,5,6,7,12,17,24",data/research/v1_6/ocr_recovery/manual_label_queue/2026-02-28_8T_66_AF1QipNa_label.jpg,data/research/v1_6/ocr_recovery/manual_label_queue/2026-02-28_8T_66_AF1QipNa_center.jpg,data/research/v1_6/ocr_recovery/manual_label_queue/2026-02-28_8T_66_AF1QipNa_full.jpg,,,,,,
2026-03-01,100,AF1QipPldk2El80lEMg_Qr66OZPGZxAbsZxvishUE3-J,https://lh3.googleusercontent.com/pw/AP1GczNPI3I1AA_SyjXAZKaC5Gc7l6R1X6I7dWe2Nb_jagtqIsEM4LVpD7FOpO2w7AXF-Lnvr7Ku8Y0jgMDggLTudDKmOYTX8LLxoowl174lW6FQ0zBHRGud,9T,9,0,"1,2,3,7,8,20,34",data/research/v1_6/ocr_recovery/manual_label_queue/2026-03-01_9T_100_AF1QipPl_label.jpg,data/research/v1_6/ocr_recovery/manual_label_queue/2026-03-01_9T_100_AF1QipPl_center.jpg,data/research/v1_6/ocr_recovery/manual_label_queue/2026-03-01_9T_100_AF1QipPl_full.jpg,,,,,,
2026-02-28,68,AF1QipNsdwNtWA9hWh1GFXTU70rlrG8HIzAVQFyZCBcI,https://lh3.googleusercontent.com/pw/AP1GczPY6dYaq7iG8qEsiYj0QuRpZ95SEZAh-oNvTrakKnIrKR4NEkierYP97--0SbVuTqVkv5TTijWNAKybI9jtrGRxb787vYf4KR6njWBLAOZXhXIQvZRq,10T,10,0,"1,2,4,5,22",data/research/v1_6/ocr_recovery/manual_label_queue/2026-02-28_10T_68_AF1QipNs_label.jpg,data/research/v1_6/ocr_recovery/manual_label_queue/2026-02-28_10T_68_AF1QipNs_center.jpg,data/research/v1_6/ocr_recovery/manual_label_queue/2026-02-28_10T_68_AF1QipNs_full.jpg,,,,,,
2026-03-01,101,AF1QipNFZYgGKp96GQBJvPiceJkI9oGSrC_wGANBW2k0,https://lh3.googleusercontent.com/pw/AP1GczP1aW7ciaDrZkYbr05nJWyxpeWoVgUiUtvKZmP2J9oMJroiHl-XIyYsk8eNRBtmdQAozyEn2JM_u4zvDcmfm-4muOOYgKc8oD65mDyuVKKhDPoBc2H5,10T,10,0,"2,3,4,5,6,8",data/research/v1_6/ocr_recovery/manual_label_queue/2026-03-01_10T_101_AF1QipNF_label.jpg,data/research/v1_6/ocr_recovery/manual_label_queue/2026-03-01_10T_101_AF1QipNF_center.jpg,data/research/v1_6/ocr_recovery/manual_label_queue/2026-03-01_10T_101_AF1QipNF_full.jpg,,,,,,
2026-02-28,69,AF1QipOtfgGC6kw6p74wMcF5b0RrV_9q3JEA88Toh1lv,https://lh3.googleusercontent.com/pw/AP1GczNlnosxWkahCkTkX5UMOKhwZ-FF70dYy-uhfpI3wKxWSe2UTQbuOLNRy3K5MKt7GwMqBmE2E-Cvm8A7jhoqO1qtqKKCrLDxmIoAhUkZ9Q0yFQGnnyVT,11T,11,0,"1,2,3,4,5,7,8,9,22,23",data/research/v1_6/ocr_recovery/manual_label_queue/2026-02-28_11T_69_AF1QipOt_label.jpg,data/research/v1_6/ocr_recovery/manual_label_queue/2026-02-28_11T_69_AF1QipOt_center.jpg,data/research/v1_6/ocr_recovery/manual_label_queue/2026-02-28_11T_69_AF1QipOt_full.jpg,,,,,,
2026-03-01,102,AF1QipO7W2pN3c33A9wClBCqibHYq2XJWWvddu6-RpW0,https://lh3.googleusercontent.com/pw/AP1GczNWGhSLfWr4kLKoFElt-qFCoog2W4z6lOFjw_XDucTUmHl657vh0Fd9j-5a8Ij6KKIgmoSkkLNphu01JL6lZU1DsuqubdKc7lAHB2YwutrfsZn7xAtD,11T,11,0,"3,4,7",data/research/v1_6/ocr_recovery/manual_label_queue/2026-03-01_11T_102_AF1QipO7_label.jpg,data/research/v1_6/ocr_recovery/manual_label_queue/2026-03-01_11T_102_AF1QipO7_center.jpg,data/research/v1_6/ocr_recovery/manual_label_queue/2026-03-01_11T_102_AF1QipO7_full.jpg,,,,,,
2026-02-28,70,AF1QipPlHHnlOJHRX4jyTuWRQGkWn2l8Ns9kgnIGF95-,https://lh3.googleusercontent.com/pw/AP1GczOCcR6enIjWMHLmX1kWphFXg2eFrM_dcMfIu5Ydpy0Qmg5ynSfW9P_1D88_wTC_1AH8Ht9pHjGx_gWmMYF-vkJvX4Wi6JDrH0bPNw_ZIQmrJvzsDYSO,12T,12,0,"2,3,4,5,6,7,8",data/research/v1_6/ocr_recovery/manual_label_queue/2026-02-28_12T_70_AF1QipPl_label.jpg,data/research/v1_6/ocr_recovery/manual_label_queue/2026-02-28_12T_70_AF1QipPl_center.jpg,data/research/v1_6/ocr_recovery/manual_label_queue/2026-02-28_12T_70_AF1QipPl_full.jpg,,,,,,
2026-03-01,103,AF1QipMEigYtOwhL_C95lD_lFzuoM0HMCr9nCD0IRESF,https://lh3.googleusercontent.com/pw/AP1GczPi9RaIhqwIc5cqAkTHRMF_TzpVWCHcI6BkAeQ3k1y0Xga_sUoWVZglHI8gnBKo2n8y4K1Txngp5uTyh9q50RQeV86Oa-wHt3gJTQCOi8C9CsE8dVKX,12T,12,0,"2,4,7",data/research/v1_6/ocr_recovery/manual_label_queue/2026-03-01_12T_103_AF1QipME_label.jpg,data/research/v1_6/ocr_recovery/manual_label_queue/2026-03-01_12T_103_AF1QipME_center.jpg,data/research/v1_6/ocr_recovery/manual_label_queue/2026-03-01_12T_103_AF1QipME_full.jpg,,,,,,
2026-02-28,71,AF1QipPq_BwQYcGRESnVbEXHxyGnNJyt8Hli_XP_F9Ww,https://lh3.googleusercontent.com/pw/AP1GczNAgyGShx_3KArN0_lXmTx4dkSio80OSY2ZPvnRRooO9oiNmaC86BeaV90YUU_XfmgKjMIH5ioLrgsFT5oyzsMfG85goZzb_mboc_3hZtR6aika3zpc,13T,13,0,"1,2,4,7,9,25,27",data/research/v1_6/ocr_recovery/manual_label_queue/2026-02-28_13T_71_AF1QipPq_label.jpg,data/research/v1_6/ocr_recovery/manual_label_queue/2026-02-28_13T_71_AF1QipPq_center.jpg,data/research/v1_6/ocr_recovery/manual_label_queue/2026-02-28_13T_71_AF1QipPq_full.jpg,,,,,,
2026-03-01,104,AF1QipOhYJcCoCZr_58gSMaWN4XAB7M7uA5yv4FEuA96,https://lh3.googleusercontent.com/pw/AP1GczPTcsAZu0lK-Pijjpy3GtBMVo-JO_dGOQbw0kxmXDXal0_oYIM-QzOU6QOcYNzs2mtkuIb7J70-NkwQXvi9PinsAWCU5X5T_ZGs_p86wgHvBP_MmqzF,13T,13,0,"2,3,4",data/research/v1_6/ocr_recovery/manual_label_queue/2026-03-01_13T_104_AF1QipOh_label.jpg,data/research/v1_6/ocr_recovery/manual_label_queue/2026-03-01_13T_104_AF1QipOh_center.jpg,data/research/v1_6/ocr_recovery/manual_label_queue/2026-03-01_13T_104_AF1QipOh_full.jpg,,,,,,
2026-02-28,72,AF1QipMuK-0SFRt7JtKjjIAyaaPCEmFimg0WCyLXDJ5i,https://lh3.googleusercontent.com/pw/AP1GczP4TiAdzWFzcMEmQSKsOcK_FIxTqsgqtipYLNtmurlsjs2-9hMkQ7oa1qcxOo24nlGNbG8zpcUsCdBbxBfcyUbX7QOFOGmuJ0yHWlCrYgVd3aIKUsLp,14T,14,0,"2,4,7,24,26",data/research/v1_6/ocr_recovery/manual_label_queue/2026-02-28_14T_72_AF1QipMu_label.jpg,data/research/v1_6/ocr_recovery/manual_label_queue/2026-02-28_14T_72_AF1QipMu_center.jpg,data/research/v1_6/ocr_recovery/manual_label_queue/2026-02-28_14T_72_AF1QipMu_full.jpg,,,,,,
2026-03-01,105,AF1QipMftd2LaOGx35hX4kWjqA2BG7mi6NWiRccLjuvg,https://lh3.googleusercontent.com/pw/AP1GczOS6JzO2ZxgaFK0keMzu0Vmypi2yT4zT0BTTw14n6OQEPVCkHJ8TK-QBdtOS2yQFysdn1rEJMJ-v5TwdVHETLYRG3Nh4ObKaixPM0GRBnDON7m58RHD,14T,14,0,"1,2,4,5,6,7,8,9",data/research/v1_6/ocr_recovery/manual_label_queue/2026-03-01_14T_105_AF1QipMf_label.jpg,data/research/v1_6/ocr_recovery/manual_label_queue/2026-03-01_14T_105_AF1QipMf_center.jpg,data/research/v1_6/ocr_recovery/manual_label_queue/2026-03-01_14T_105_AF1QipMf_full.jpg,,,,,,
2026-02-28,73,AF1QipPANAWdUHUA6Rb2gGxOnLzUlzrK2MW9Jxb-gwWa,https://lh3.googleusercontent.com/pw/AP1GczN52YRhIhvlyY5al0GkLisabuA1a_C8ptrZZ-QbMuuA30ohXdgMQUjqhnXyoKgHPMJvNEEdx3Mh5Y822LUFa9FJy7IpDezTjQs6b7jd9dDKjiz_M4MV,15T,15,0,"1,2,4,5,7,8",data/research/v1_6/ocr_recovery/manual_label_queue/2026-02-28_15T_73_AF1QipPA_label.jpg,data/research/v1_6/ocr_recovery/manual_label_queue/2026-02-28_15T_73_AF1QipPA_center.jpg,data/research/v1_6/ocr_recovery/manual_label_queue/2026-02-28_15T_73_AF1QipPA_full.jpg,,,,,,
2026-03-01,106,AF1QipMlDWAyXeRWIe3KWeJCi6t9m4_wa4XmUhbO_AsK,https://lh3.googleusercontent.com/pw/AP1GczN9wdLvBgD3PsCRDXBceK8XdawCJwp9-wRcImKUTmT1ijnv4ArVRi9AlYtN5AUuij5Q2LKGVzAi3RdxfmhjNclBj63OqadreRLSVUWtl43Z4YJo9PeU,15T,15,0,"2,3,4,7,9",data/research/v1_6/ocr_recovery/manual_label_queue/2026-03-01_15T_106_AF1QipMl_label.jpg,data/research/v1_6/ocr_recovery/manual_label_queue/2026-03-01_15T_106_AF1QipMl_center.jpg,data/research/v1_6/ocr_recovery/manual_label_queue/2026-03-01_15T_106_AF1QipMl_full.jpg,,,,,,
2026-02-28,74,AF1QipP2RYAT4X4c-NDudcJktwxOEUxql5rQeL15BA2d,https://lh3.googleusercontent.com/pw/AP1GczPI1bG4WygICv3uPG0--gTOkw1srdNTZ_-HGvoMiP5c8j14KHJKl3n3_Y7CmA4JoM-Kjkahbcd3mwpYwUt63h2JQTq_PFp1KEcqGQxx9ac3PWQTZrdu,16T,16,0,"2,4,7,20,32",data/research/v1_6/ocr_recovery/manual_label_queue/2026-02-28_16T_74_AF1QipP2_label.jpg,data/research/v1_6/ocr_recovery/manual_label_queue/2026-02-28_16T_74_AF1QipP2_center.jpg,data/research/v1_6/ocr_recovery/manual_label_queue/2026-02-28_16T_74_AF1QipP2_full.jpg,,,,,,
2026-03-01,107,AF1QipOGPBWReL0e_Ykaa8eX7oI_w4OKFJDwkqSMMoKe,https://lh3.googleusercontent.com/pw/AP1GczNhqhQhpJI_BwlvAaAJ8XWlvlErPYaF9L0qib580Y4dyX2hpD3ISh0-4FPVaFl4rToCef_WWBD07AyqcDLGIxr1Ymg2Bapn5iwkE3wn5eBAAS3eQqBG,16T,16,0,"2,3,4,5,6,7,8,13,23",data/research/v1_6/ocr_recovery/manual_label_queue/2026-03-01_16T_107_AF1QipOG_label.jpg,data/research/v1_6/ocr_recovery/manual_label_queue/2026-03-01_16T_107_AF1QipOG_center.jpg,data/research/v1_6/ocr_recovery/manual_label_queue/2026-03-01_16T_107_AF1QipOG_full.jpg,,,,,,
2026-02-28,75,AF1QipPt-NKTgu4l7exf9nLGOkV_cyNzDV83exVU6qIp,https://lh3.googleusercontent.com/pw/AP1GczMD9Xtp60Z4lZH9k1BOiw-9pIQwN7OA7DorrdClmz0e2-QbW5IBUauxaLHJdgepKEzqapXaASPXRsrot0w5NkaWUNvTIZjnqpwViBqEANj3OvNm-zki,17T,17,0,3,data/research/v1_6/ocr_recovery/manual_label_queue/2026-02-28_17T_75_AF1QipPt_label.jpg,data/research/v1_6/ocr_recovery/manual_label_queue/2026-02-28_17T_75_AF1QipPt_center.jpg,data/research/v1_6/ocr_recovery/manual_label_queue/2026-02-28_17T_75_AF1QipPt_full.jpg,,,,,,
2026-03-01,108,AF1QipPLCyDAleHo2_nt-__XsKFOIh2SjDXDR696Wmg5,https://lh3.googleusercontent.com/pw/AP1GczOSihJRk6XKh2pZWC29pvXivwtUClo-c75kChsLnFkvDTW7mo8WUlOvAKRKl9xgODqfaf-wmjHtYVqG70tdG2-sqorixdkKg5Yc7A7M8hAIC5A8QgW4,17T,17,0,"2,3,4,7,8",data/research/v1_6/ocr_recovery/manual_label_queue/2026-03-01_17T_108_AF1QipPL_label.jpg,data/research/v1_6/ocr_recovery/manual_label_queue/2026-03-01_17T_108_AF1QipPL_center.jpg,data/research/v1_6/ocr_recovery/manual_label_queue/2026-03-01_17T_108_AF1QipPL_full.jpg,,,,,,
2026-02-28,76,AF1QipM3K_2eWKR3kFYVV0WlwN2N_K4-6RcdKO14KMcg,https://lh3.googleusercontent.com/pw/AP1GczNvZ5mZa0QC34fYB9VpJnRmLoTDmU_Elfl-MWrkr0Vg9GR8zYkdWJi4X5FY8qXUJDn5tm0khB7qLzXgWFZv0RHBHUNjwnraafXM-p5witHg2qduZF3u,18T,18,0,"2,7,8",data/research/v1_6/ocr_recovery/manual_label_queue/2026-02-28_18T_76_AF1QipM3_label.jpg,data/research/v1_6/ocr_recovery/manual_label_queue/2026-02-28_18T_76_AF1QipM3_center.jpg,data/research/v1_6/ocr_recovery/manual_label_queue/2026-02-28_18T_76_AF1QipM3_full.jpg,,,,,,
2026-03-01,109,AF1QipOZiy5y7_33Jvu12eWe2DdZTMDPeaGKMf7H_tAj,https://lh3.googleusercontent.com/pw/AP1GczMSEjdZ-cSBa8Jm5aJc1dC5UMoFsmriG5Is9RtY5_xtR6vSyHlvWB4R03uz7RdONusKcs7IBJX2UwXXDax2HOCx1N98xeH0NeWSBSy_0_QhlsuADLh8,18T,18,0,"4,5,7,8",data/research/v1_6/ocr_recovery/manual_label_queue/2026-03-01_18T_109_AF1QipOZ_label.jpg,data/research/v1_6/ocr_recovery/manual_label_queue/2026-03-01_18T_109_AF1QipOZ_center.jpg,data/research/v1_6/ocr_recovery/manual_label_queue/2026-03-01_18T_109_AF1QipOZ_full.jpg,,,,,,
2026-02-28,77,AF1QipNMQsEruJledTyWMij7GISvUPBwhasq7B0JWtMm,https://lh3.googleusercontent.com/pw/AP1GczMUsJ3MMwctsUX6z0FCsppSCdVFbczMLSuONaG36LvYqnOn58JIjF7IFENa-nwzImGSXBoxpgTP3W2mFhkjXl3BvTFKwq3okJV-84_QKoc2yTsaNDzh,19T,19,0,"2,4,5,7,9,16",data/research/v1_6/ocr_recovery/manual_label_queue/2026-02-28_19T_77_AF1QipNM_label.jpg,data/research/v1_6/ocr_recovery/manual_label_queue/2026-02-28_19T_77_AF1QipNM_center.jpg,data/research/v1_6/ocr_recovery/manual_label_queue/2026-02-28_19T_77_AF1QipNM_full.jpg,,,,,,
2026-03-01,110,AF1QipNl9bjSllfGIMqq_I6YAGvLlwroxGMRRLQ9gbae,https://lh3.googleusercontent.com/pw/AP1GczMb8JAhzHMVjSLdirvE_FEWuwh9VaAdX_g6RycYhEftsD6FKVTDVa9HFxR4TGj8LubNscek2gMPeWzT-gUC7qaab4GUy3m4Ht-7EBwzOUuaakEO6n6n,19T,19,0,"1,4,6,7,14,21,23,37",data/research/v1_6/ocr_recovery/manual_label_queue/2026-03-01_19T_110_AF1QipNl_label.jpg,data/research/v1_6/ocr_recovery/manual_label_queue/2026-03-01_19T_110_AF1QipNl_center.jpg,data/research/v1_6/ocr_recovery/manual_label_queue/2026-03-01_19T_110_AF1QipNl_full.jpg,,,,,,
