row_index,source_asset_id,image_path,capture_date,classification_label,variety_name,caption_true_pot_id,dhash_hex
1,AF1QipPU9RHgErKWJwJJ92pF-E0klp18nr0eMqppu6yS,local/non_tomato_species/images/01_AF1QipPU9RHgErKWJwJJ92pF-E0klp18nr0eMqppu6yS.jpg,2026-02-25,non_tomato,,1T,5a7a799dddddedf9
2,AF1QipP3uLTxp7JBdSEI1arLdrVpzmVWxPsfUREzogQc,local/non_tomato_species/images/02_AF1QipP3uLTxp7JBdSEI1arLdrVpzmVWxPsfUREzogQc.jpg,2026-02-25,non_tomato,,2T,37369d4565a5b56d
3,AF1QipMhYY3ADKACHG7cdnyQKr5EB6ubpjjpWykvU06O,local/non_tomato_species/images/03_AF1QipMhYY3ADKACHG7cdnyQKr5EB6ubpjjpWykvU06O.jpg,2026-02-25,non_tomato,,3T,1e9e8d69ac6c5c54
4,AF1QipND0gAwfUQ1xbVpfJqHJ7hJJjb6fhFYSQdo4CWe,local/non_tomato_species/images/04_AF1QipND0gAwfUQ1xbVpfJqHJ7hJJjb6fhFYSQdo4CWe.jpg,2026-02-25,non_tomato,,4T,ef95b1d155514228
5,AF1QipOAixlyabr6w5IntjDZchh5IVfv3jAqII7bUhAI,local/non_tomato_species/images/05_AF1QipOAixlyabr6w5IntjDZchh5IVfv3jAqII7bUhAI.jpg,2026-02-25,non_tomato,,5T,3d3aab232384b5a1
6,AF1QipPy0PJSqnwpfWm_W4pspUcOt_QTWuAzcKvpBi_4,local/non_tomato_species/images/06_AF1QipPy0PJSqnwpfWm_W4pspUcOt_QTWuAzcKvpBi_4.jpg,2026-02-25,non_tomato,,6T,736d76ea48d39b78
7,AF1QipMB-jUQ93DXcLOwaHZnlF1J7IK3rz6IW8Dgpv2B,local/non_tomato_species/images/07_AF1QipMB-jUQ93DXcLOwaHZnlF1J7IK3rz6IW8Dgpv2B.jpg,2026-02-25,non_tomato,,7T,a99d195d1d3c67e2
8,AF1QipM6AUa6pLQQ6rWh54k2_an_Z5J1ijOLl5S1vVYB,local/non_tomato_species/images/08_AF1QipM6AUa6pLQQ6rWh54k2_an_Z5J1ijOLl5S1vVYB.jpg,2026-02-25,non_tomato,,8T,19199959593d2939
9,AF1QipPBKSwU3sjNcQQSkKhJlcDXrMPgsJUsYU4qxJBM,local/non_tomato_species/images/09_AF1QipPBKSwU3sjNcQQSkKhJlcDXrMPgsJUsYU4qxJBM.jpg,2026-02-25,non_tomato,,9T,9d8e8f87c1d9dbc9
100,AF1QipPldk2El80lEMg_Qr66OZPGZxAbsZxvishUE3-J,local/non_tomato_species/images/100_AF1QipPldk2El80lEMg_Qr66OZPGZxAbsZxvishUE3-J.jpg,2026-03-01,unknown,,,40265a4b2d210614
101,AF1QipNFZYgGKp96GQBJvPiceJkI9oGSrC_wGANBW2k0,local/non_tomato_species/images/101_AF1QipNFZYgGKp96GQBJvPiceJkI9oGSrC_wGANBW2k0.jpg,2026-03-01,unknown,,,9269349edb997cd4
102,AF1QipO7W2pN3c33A9wClBCqibHYq2XJWWvddu6-RpW0,local/non_tomato_species/images/102_AF1QipO7W2pN3c33A9wClBCqibHYq2XJWWvddu6-RpW0.jpg,2026-03-01,unknown,,,38dbf1dccac8eee6
103,AF1QipMEigYtOwhL_C95lD_lFzuoM0HMCr9nCD0IRESF,local/non_tomato_species/images/103_AF1QipMEigYtOwhL_C95lD_lFzuoM0HMCr9nCD0IRESF.jpg,2026-03-01,unknown,,,0c327248642658a4
104,AF1QipOhYJcCoCZr_58gSMaWN4XAB7M7uA5yv4FEuA96,local/non_tomato_species/images/104_AF1QipOhYJcCoCZr_58gSMaWN4XAB7M7uA5yv4FEuA96.jpg,2026-03-01,unknown,,,643635dcc1690d59
105,AF1QipMftd2LaOGx35hX4kWjqA2BG7mi6NWiRccLjuvg,local/non_tomato_species/images/105_AF1QipMftd2LaOGx35hX4kWjqA2BG7mi6NWiRccLjuvg.jpg,2026-03-01,unknown,,,39baa4b515494a98
106,AF1QipMlDWAyXeRWIe3KWeJCi6t9m4_wa4XmUhbO_AsK,local/non_tomato_species/images/106_AF1QipMlDWAyXeRWIe3KWeJCi6t9m4_wa4XmUhbO_AsK.jpg,2026-03-01,unknown,,,b192a4641a42999d
107,AF1QipOGPBWReL0e_Ykaa8eX7oI_w4OKFJDwkqSMMoKe,local/non_tomato_species/images/107_AF1QipOGPBWReL0e_Ykaa8eX7oI_w4OKFJDwkqSMMoKe.jpg,2026-03-01,unknown,,,c49272c949a990f0
108,AF1QipPLCyDAleHo2_nt-__XsKFOIh2SjDXDR696Wmg5,local/non_tomato_species/images/108_AF1QipPLCyDAleHo2_nt-__XsKFOIh2SjDXDR696Wmg5.jpg,2026-03-01,unknown,,,2d46cc4d696ce2b6
109,AF1QipOZiy5y7_33Jvu12eWe2DdZTMDPeaGKMf7H_tAj,local/non_tomato_species/images/109_AF1QipOZiy5y7_33Jvu12eWe2DdZTMDPeaGKMf7H_tAj.jpg,2026-03-01,unknown,,,ad53b1932e272cb2
10,AF1QipOjuN57XrR72JGpYJD-MNFmDIU5mMfTXiSqesvx,local/non_tomato_species/images/10_AF1QipOjuN57XrR72JGpYJD-MNFmDIU5mMfTXiSqesvx.jpg,2026-02-25,non_tomato,,10T,868f8e8fb1eacbb5
110,AF1QipNl9bjSllfGIMqq_I6YAGvLlwroxGMRRLQ9gbae,local/non_tomato_species/images/110_AF1QipNl9bjSllfGIMqq_I6YAGvLlwroxGMRRLQ9gbae.jpg,2026-03-01,unknown,,,0452f0899cb4c383
111,AF1QipNNpu3YZ1UVaOR35aRRxZ_8wAOjK2tP4TrWgZ-H,local/non_tomato_species/images/111_AF1QipNNpu3YZ1UVaOR35aRRxZ_8wAOjK2tP4TrWgZ-H.jpg,2026-03-01,unknown,,,200952d29df1e0c4
112,AF1QipPdDYoXnKvUZ-vuRoks5NUKsGYYGdS92h76ZjIV,local/non_tomato_species/images/112_AF1QipPdDYoXnKvUZ-vuRoks5NUKsGYYGdS92h76ZjIV.jpg,2026-03-01,unknown,,,114858948ad8445a
113,AF1QipN6EbEkElMPz1tBBEdWJJiKFC5F6DzJ7M4y9bfp,local/non_tomato_species/images/113_AF1QipN6EbEkElMPz1tBBEdWJJiKFC5F6DzJ7M4y9bfp.jpg,2026-03-01,unknown,,,314846a4cafd910d
114,AF1QipM7uGtne1p4U2UIb9xxZ4cwvrs-yi0r6F7CEf8g,local/non_tomato_species/images/114_AF1QipM7uGtne1p4U2UIb9xxZ4cwvrs-yi0r6F7CEf8g.jpg,2026-03-01,unknown,,,3130a2d430b28945
115,AF1QipPWBkqL4v5NLJ1PiJyG15nio0wI2mF4tBFBbnrg,local/non_tomato_species/images/115_AF1QipPWBkqL4v5NLJ1PiJyG15nio0wI2mF4tBFBbnrg.jpg,2026-03-01,unknown,,,18192860d4cafdc8
116,AF1QipMtLrJPK0faCkX-3VID6XidGCN3fBR-dfPYm_vb,local/non_tomato_species/images/116_AF1QipMtLrJPK0faCkX-3VID6XidGCN3fBR-dfPYm_vb.jpg,2026-03-01,unknown,,,253e1ac1a52669ca
117,AF1QipPMXsRVMDxz3y0VfHmgSpsS4GQhzWS3PhtW06tN,local/non_tomato_species/images/117_AF1QipPMXsRVMDxz3y0VfHmgSpsS4GQhzWS3PhtW06tN.jpg,2026-03-01,unknown,,,504cccd1c3f17830
118,AF1QipNLP1nQE3N8XGORp7XYFHkzwanTKBkrM2RxhHSf,local/non_tomato_species/images/118_AF1QipNLP1nQE3N8XGORp7XYFHkzwanTKBkrM2RxhHSf.jpg,2026-03-01,unknown,,,80121194a6b5b433
119,AF1QipMFmFE2zSwwItqtCu8Avz54TuW5eH9s8-LcxJUB,local/non_tomato_species/images/119_AF1QipMFmFE2zSwwItqtCu8Avz54TuW5eH9s8-LcxJUB.jpg,2026-03-01,unknown,,,931120496d96bb69
11,AF1QipOD-4JZKFoLLmop8kf5UrZVgFK997FlrUV2bfDK,local/non_tomato_species/images/11_AF1QipOD-4JZKFoLLmop8kf5UrZVgFK997FlrUV2bfDK.jpg,2026-02-25,non_tomato,,11T,31b1d97b79719179
120,AF1QipOBM5hLAYFlc1Fa8LN6Ueb4kynLjeQFj_VpFDmd,local/non_tomato_species/images/120_AF1QipOBM5hLAYFlc1Fa8LN6Ueb4kynLjeQFj_VpFDmd.jpg,2026-03-01,unknown,,,38bcf6e4ed757731
121,AF1QipMKVt0V5Rpl_ydwPD3DUF2hl7claC-uEj4b4U0C,local/non_tomato_species/images/121_AF1QipMKVt0V5Rpl_ydwPD3DUF2hl7claC-uEj4b4U0C.jpg,2026-03-01,unknown,,,69c1d2d3dbd9091e
122,AF1QipPorTuz5ALiHEJAM2Lpu1_jlheLOS1Rbw_jFR9n,local/non_tomato_species/images/122_AF1QipPorTuz5ALiHEJAM2Lpu1_jlheLOS1Rbw_jFR9n.jpg,2026-03-01,unknown,,,b5696137daca9df5
123,AF1QipMp6DlOsKFVOGtUIHKsjh3bItpP7ppIW8ZY0nW9,local/non_tomato_species/images/123_AF1QipMp6DlOsKFVOGtUIHKsjh3bItpP7ppIW8ZY0nW9.jpg,2026-03-01,unknown,,,1a9ada5cd2b4dc21
124,AF1QipNjWhvFiXuamI-Gn3JUm4weAHd5isNUnf_R2uaa,local/non_tomato_species/images/124_AF1QipNjWhvFiXuamI-Gn3JUm4weAHd5isNUnf_R2uaa.jpg,2026-03-01,unknown,,,9696bb93b9212ac6
125,AF1QipPzRiMWx6sBp_4IlG2QKFNb6fp6-PxEw8oN86tP,local/non_tomato_species/images/125_AF1QipPzRiMWx6sBp_4IlG2QKFNb6fp6-PxEw8oN86tP.jpg,2026-03-01,unknown,,,b2a2692bb1a56339
126,AF1QipNTvvxA1XfQsOD79v2X3F8oWeX4T-IYh1PamYaC,local/non_tomato_species/images/126_AF1QipNTvvxA1XfQsOD79v2X3F8oWeX4T-IYh1PamYaC.jpg,2026-03-01,unknown,,,a965653c2ce1f273
127,AF1QipPqC5rhFW6jReI6tc68phfbliLsFhCt1qwJgnxb,local/non_tomato_species/images/127_AF1QipPqC5rhFW6jReI6tc68phfbliLsFhCt1qwJgnxb.jpg,2026-03-01,unknown,,,588927323c697233
128,AF1QipN36GoQRLn9h2NfDp9xKGVjPF3AihAb8BarYXRz,local/non_tomato_species/images/128_AF1QipN36GoQRLn9h2NfDp9xKGVjPF3AihAb8BarYXRz.jpg,2026-03-01,unknown,,,cf0c36cbc9b32663
129,AF1QipPWnl7YKuhQTHqe35yGZzGrFTIUrglCwWuKJoDZ,local/non_tomato_species/images/129_AF1QipPWnl7YKuhQTHqe35yGZzGrFTIUrglCwWuKJoDZ.jpg,2026-03-01,unknown,,,318d0c96430e1416
12,AF1QipOFj7AJ4wBEzoSghT-FmoK39t8yyzYEN5BeNu8N,local/non_tomato_species/images/12_AF1QipOFj7AJ4wBEzoSghT-FmoK39t8yyzYEN5BeNu8N.jpg,2026-02-25,non_tomato,,12T,99515151b4a5ec7d
130,AF1QipMNNZIH90tEgpPyhaxsnfP-hJOTOlGnpT4LJE-8,local/non_tomato_species/images/130_AF1QipMNNZIH90tEgpPyhaxsnfP-hJOTOlGnpT4LJE-8.jpg,2026-03-02,unknown,,,9515be2b8b969689
131,AF1QipN5gfR3WxqZUS6uqKbhrX2BUa2lxLqM34NEwmur,local/non_tomato_species/images/131_AF1QipN5gfR3WxqZUS6uqKbhrX2BUa2lxLqM34NEwmur.jpg,2026-03-02,unknown,,,9a94747a06d9c7b5
132,AF1QipMvyYN1mzzMjVquJqrjZWyiYbU3tlnhUA6WEDUK,local/non_tomato_species/images/132_AF1QipMvyYN1mzzMjVquJqrjZWyiYbU3tlnhUA6WEDUK.jpg,2026-03-02,unknown,,,e4649a7236b27432
133,AF1QipNrnV7_ou-gBKSqPBeZCNlWCjSWQoO3EAiDaktn,local/non_tomato_species/images/133_AF1QipNrnV7_ou-gBKSqPBeZCNlWCjSWQoO3EAiDaktn.jpg,2026-03-02,unknown,,,7363c9d975d57d49
134,AF1QipM6iIoxDiNhaFkFxFQyvXeXdH-W1tfN4vOatqKu,local/non_tomato_species/images/134_AF1QipM6iIoxDiNhaFkFxFQyvXeXdH-W1tfN4vOatqKu.jpg,2026-03-02,unknown,,,2b8b3579292d0c39
135,AF1QipMmcbkEvj6cQE_kCXNmfLRA0sdlDIgZoKhBX8ci,local/non_tomato_species/images/135_AF1QipMmcbkEvj6cQE_kCXNmfLRA0sdlDIgZoKhBX8ci.jpg,2026-03-02,unknown,,,d09d954c94b6e4c9
136,AF1QipMfX7LtX3EQc69IEisTmLvdCSH-x4rOK88WhIdu,local/non_tomato_species/images/136_AF1QipMfX7LtX3EQc69IEisTmLvdCSH-x4rOK88WhIdu.jpg,2026-03-02,unknown,,,ca9da131e3cc4161
137,AF1QipNy6IAJ7g9snpcjVQBGuiZZFlZdom9VlZQ28rJM,local/non_tomato_species/images/137_AF1QipNy6IAJ7g9snpcjVQBGuiZZFlZdom9VlZQ28rJM.jpg,2026-03-02,unknown,,,f5ecb6c667b39a65
138,AF1QipP9MjBtBsvgqtG_9wjMlttUnNzGVCgEfGQJxcIO,local/non_tomato_species/images/138_AF1QipP9MjBtBsvgqtG_9wjMlttUnNzGVCgEfGQJxcIO.jpg,2026-03-02,unknown,,,4351b67a95a8eb24
139,AF1QipNRYxuxd_NyOFVwePbSqU8Pb1r1T30l5tOLU8Z8,local/non_tomato_species/images/139_AF1QipNRYxuxd_NyOFVwePbSqU8Pb1r1T30l5tOLU8Z8.jpg,2026-03-02,unknown,,,4fce64bdb6355cc6
13,AF1QipNPL4nt2YpB_XIcQzYhO655wqvWMHRH-KHmtrYL,local/non_tomato_species/images/13_AF1QipNPL4nt2YpB_XIcQzYhO655wqvWMHRH-KHmtrYL.jpg,2026-02-25,tomato,,13T,e3c93cd8db199456
140,AF1QipPJ0vshr3ZMKW54GtDen-TukUmWnG7PrnaiaF9f,local/non_tomato_species/images/140_AF1QipPJ0vshr3ZMKW54GtDen-TukUmWnG7PrnaiaF9f.jpg,2026-03-02,unknown,,,3c96e264bccaa4e8
141,AF1QipOP1BtfTSynptfuFyFtDgSWrW23PnhK6TR8ye8y,local/non_tomato_species/images/141_AF1QipOP1BtfTSynptfuFyFtDgSWrW23PnhK6TR8ye8y.jpg,2026-03-02,unknown,,,9abeccccdcd9dbfb
142,AF1QipMYxaaQ1a5DnR4bMJQ9FbbNbhvl941JmtnxmnGk,local/non_tomato_species/images/142_AF1QipMYxaaQ1a5DnR4bMJQ9FbbNbhvl941JmtnxmnGk.jpg,2026-03-02,unknown,,,3b9aac6878babab9
143,AF1QipNGhSt4pPmYcJwOrXFENjyjjdGClKtE80OAtgBt,local/non_tomato_species/images/143_AF1QipNGhSt4pPmYcJwOrXFENjyjjdGClKtE80OAtgBt.jpg,2026-03-02,unknown,,,535bdb486ca4b9f9
144,AF1QipMaIfD8GDlR8AAiMdCihN1lzne_dHUawJ1g8Yj0,local/non_tomato_species/images/144_AF1QipMaIfD8GDlR8AAiMdCihN1lzne_dHUawJ1g8Yj0.jpg,2026-03-02,unknown,,,aa6a29292dc9ca7c
145,AF1QipN9wSnjis9IycZs8KqGU-xzcEuZB8BqypxxTGMZ,local/non_tomato_species/images/145_AF1QipN9wSnjis9IycZs8KqGU-xzcEuZB8BqypxxTGMZ.jpg,2026-03-02,unknown,,,ddb77674aa6de9db
146,AF1QipPXkj-TQco16R2-m7KECFNBzOYLPqyFLRydHEcA,local/non_tomato_species/images/146_AF1QipPXkj-TQco16R2-m7KECFNBzOYLPqyFLRydHEcA.jpg,2026-03-02,unknown,,,f555a5565ae8ac18
147,AF1QipNxkrkshUxF_lwJu2ljDa0QtGjjNslDLkJolfsD,local/non_tomato_species/images/147_AF1QipNxkrkshUxF_lwJu2ljDa0QtGjjNslDLkJolfsD.jpg,2026-03-02,unknown,,,cd55cedcdcd29e1c
148,AF1QipOWNXDoEemZZiruSdTGmvtOgsuQLFvkupyZLk66,local/non_tomato_species/images/148_AF1QipOWNXDoEemZZiruSdTGmvtOgsuQLFvkupyZLk66.jpg,2026-03-02,unknown,,,903d154c8cb6c4cc
149,AF1QipPPTw7XJRx8EH6PAjrXeW1cLf83QwBfLleagAJQ,local/non_tomato_species/images/149_AF1QipPPTw7XJRx8EH6PAjrXeW1cLf83QwBfLleagAJQ.jpg,2026-03-02,unknown,,,498b2276d23093c9
14,AF1QipOKLGjadxmA3cB21dGUO7lBOdTQURwF1BvGZdiR,local/non_tomato_species/images/14_AF1QipOKLGjadxmA3cB21dGUO7lBOdTQURwF1BvGZdiR.jpg,2026-02-25,tomato,,14T,a43632309aa29291
150,AF1QipM7ErDnZYljEJkB-ofkNUp8AAvkCSzr5NMfyvuK,local/non_tomato_species/images/150_AF1QipM7ErDnZYljEJkB-ofkNUp8AAvkCSzr5NMfyvuK.jpg,2026-03-02,unknown,,,f0a0b27278f040a0
151,AF1QipOXV9RPCht4humiqjFC8X2wZPbgc1GRiF0kDTVf,local/non_tomato_species/images/151_AF1QipOXV9RPCht4humiqjFC8X2wZPbgc1GRiF0kDTVf.jpg,2026-03-02,unknown,,,9178253d39d9fd5d
152,AF1QipOjGNsCfv-tsYGHyarrQMs3nTrPZltmVklIGjzg,local/non_tomato_species/images/152_AF1QipOjGNsCfv-tsYGHyarrQMs3nTrPZltmVklIGjzg.jpg,2026-03-02,unknown,,,3c7c6579f9997ed9
153,AF1QipOTuq30BPYRZfJ0opXVHK8nqT1jvaSCBEJ4iRkp,local/non_tomato_species/images/153_AF1QipOTuq30BPYRZfJ0opXVHK8nqT1jvaSCBEJ4iRkp.jpg,2026-03-02,unknown,,,c16525d9c8dcc9ed
154,AF1QipPhU7p78epGmBC4FC6FOY5-ujTiyDSrggwDXVdQ,local/non_tomato_species/images/154_AF1QipPhU7p78epGmBC4FC6FOY5-ujTiyDSrggwDXVdQ.jpg,2026-03-02,unknown,,,b4b6e6e6bed6ec32
155,AF1QipPKHZGl_rd68Tg558KbJDS5x9Sz__Rz1DIZ2_F8,local/non_tomato_species/images/155_AF1QipPKHZGl_rd68Tg558KbJDS5x9Sz__Rz1DIZ2_F8.jpg,2026-03-02,unknown,,,33335b59597d6b4c
156,AF1QipNPIFsdeWrEwjQjtuzJMxvWfUwh9HG6YSPzxDwe,local/non_tomato_species/images/156_AF1QipNPIFsdeWrEwjQjtuzJMxvWfUwh9HG6YSPzxDwe.jpg,2026-03-02,unknown,,,a417a6247c7c2978
157,AF1QipOJh9HPnO_BUmCjgpFMnN3beATa0yj_nCQg6kvz,local/non_tomato_species/images/157_AF1QipOJh9HPnO_BUmCjgpFMnN3beATa0yj_nCQg6kvz.jpg,2026-03-02,unknown,,,a732b2ba68326371
158,AF1QipNT5F_KtSrnPQXAxVW2nOehKD1G7dlVasCSUGGG,local/non_tomato_species/images/158_AF1QipNT5F_KtSrnPQXAxVW2nOehKD1G7dlVasCSUGGG.jpg,2026-03-02,unknown,,,30333031b16123b1
159,AF1QipPQJvrHZ72Aa3eKsRkZ_qI2_zIr2oo-8ZDUlD7l,local/non_tomato_species/images/159_AF1QipPQJvrHZ72Aa3eKsRkZ_qI2_zIr2oo-8ZDUlD7l.jpg,2026-03-02,unknown,,,1d0c6e4645646cc4
15,AF1QipN2YoB1bCy4GtnTmb14BMvYRBvSTUZ2eqDUQChh,local/non_tomato_species/images/15_AF1QipN2YoB1bCy4GtnTmb14BMvYRBvSTUZ2eqDUQChh.jpg,2026-02-25,tomato,,15T,99999b191d1d1b57
160,AF1QipOl16sqejknPt29KspylLvSwCJQ_WbXEbaSvXO1,local/non_tomato_species/images/160_AF1QipOl16sqejknPt29KspylLvSwCJQ_WbXEbaSvXO1.jpg,2026-03-02,unknown,,,262c465447c3567d
161,AF1QipMheE1dSxPz40lTahvCA5UY2ErMbEBYOGTYM6Wt,local/non_tomato_species/images/161_AF1QipMheE1dSxPz40lTahvCA5UY2ErMbEBYOGTYM6Wt.jpg,2026-03-02,unknown,,,2634216363475346
162,AF1QipOHuLfshOOdh8Xo38ggTDl_afVmKInYKsXrnFxH,local/non_tomato_species/images/162_AF1QipOHuLfshOOdh8Xo38ggTDl_afVmKInYKsXrnFxH.jpg,2026-03-02,unknown,,,f19daae35b5b40c2
163,AF1QipO8F_jK8jU-K27feRkAoX9sztXBBzsy26f_wuW2,local/non_tomato_species/images/163_AF1QipO8F_jK8jU-K27feRkAoX9sztXBBzsy26f_wuW2.jpg,2026-03-02,unknown,,,d27272767666c28c
164,AF1QipNUc4_iCorNgjiV4vTpydZtCLn86tsrJh3HH7_3,local/non_tomato_species/images/164_AF1QipNUc4_iCorNgjiV4vTpydZtCLn86tsrJh3HH7_3.jpg,2026-03-02,unknown,,,578bd35999d890f4
165,AF1QipNuFJcWWc6ud1LTH3a-PTTM_2n58vs3oRYydqo4,local/non_tomato_species/images/165_AF1QipNuFJcWWc6ud1LTH3a-PTTM_2n58vs3oRYydqo4.jpg,2026-03-02,unknown,,,b5993134456e3ac9
166,AF1QipORK_RlfcA5EYwS2_UtbDn_xNRQRABKK9_Fkxy6,local/non_tomato_species/images/166_AF1QipORK_RlfcA5EYwS2_UtbDn_xNRQRABKK9_Fkxy6.jpg,2026-03-02,unknown,,,a6b23a2cbcd2f2fe
167,AF1QipO5q3GdpwwVY8wmrCAL8ues_H4adxKg65XR_mtS,local/non_tomato_species/images/167_AF1QipO5q3GdpwwVY8wmrCAL8ues_H4adxKg65XR_mtS.jpg,2026-03-02,unknown,,,9756109d59d9cec8
168,AF1QipPxPXwvuEh9yPc76V6ncOYw-psd6O_dlPot69Oh,local/non_tomato_species/images/168_AF1QipPxPXwvuEh9yPc76V6ncOYw-psd6O_dlPot69Oh.jpg,2026-03-02,unknown,,,8ee5746474bc87cb
169,AF1QipMc9rZXyISCZElycuKZ_cr7Ex4KOucT_34JQOEC,local/non_tomato_species/images/169_AF1QipMc9rZXyISCZElycuKZ_cr7Ex4KOucT_34JQOEC.jpg,2026-03-02,unknown,,,3614b1452d9b2163
16,AF1QipOLVxSyli52QM5HMEqdgY_3saaI5bYdnoJgIolG,local/non_tomato_species/images/16_AF1QipOLVxSyli52QM5HMEqdgY_3saaI5bYdnoJgIolG.jpg,2026-02-25,tomato,,16T,53494919191909cf
170,AF1QipMe7FO1SjBH7GTrbV7jtxVy5T8knbjM5F4TVIJX,local/non_tomato_species/images/170_AF1QipMe7FO1SjBH7GTrbV7jtxVy5T8knbjM5F4TVIJX.jpg,2026-03-02,unknown,,,6bd992d766f7f5f4
171,AF1QipNx-9sMXxHwQX74NBUUvMUq8hxSAHXMGJI5fXRz,local/non_tomato_species/images/171_AF1QipNx-9sMXxHwQX74NBUUvMUq8hxSAHXMGJI5fXRz.jpg,2026-03-02,unknown,,,c69cbddb79e5fffe
172,AF1QipOye3QE9u2xMY45v1Gzn_hgNKXum941NaI3G1DB,local/non_tomato_species/images/172_AF1QipOye3QE9u2xMY45v1Gzn_hgNKXum941NaI3G1DB.jpg,2026-03-02,unknown,,,6df8bb5b72e6b99d
173,AF1QipP_lRnJVTUjHw_u9q0g99xFiyOGNmg9JgGdCyjK,local/non_tomato_species/images/173_AF1QipP_lRnJVTUjHw_u9q0g99xFiyOGNmg9JgGdCyjK.jpg,2026-03-02,unknown,,,29ac96d7366759fc
174,AF1QipNbUPh0ZYrpwlf8C8DdP7DYftGoxiUpU6EMSHoR,local/non_tomato_species/images/174_AF1QipNbUPh0ZYrpwlf8C8DdP7DYftGoxiUpU6EMSHoR.jpg,2026-03-02,unknown,,,9a9ada49cb711929
175,AF1QipMYjSqsZN_qSD0zZZAHj01L01TOXu5RekX5b5JG,local/non_tomato_species/images/175_AF1QipMYjSqsZN_qSD0zZZAHj01L01TOXu5RekX5b5JG.jpg,2026-03-02,unknown,,,abbb33314c4d13dc
176,AF1QipPkXKpfW8C-Df9ZD2jf69tKllu0mrkqm8nfX8Wo,local/non_tomato_species/images/176_AF1QipPkXKpfW8C-Df9ZD2jf69tKllu0mrkqm8nfX8Wo.jpg,2026-03-02,unknown,,,5ecedb0cc4d89cf1
177,AF1QipMQDvxdK7IP8ClbqPAhR8VyPY-sJ7y3hHu4Pr-4,local/non_tomato_species/images/177_AF1QipMQDvxdK7IP8ClbqPAhR8VyPY-sJ7y3hHu4Pr-4.jpg,2026-03-02,unknown,,,efbfd2d2b2b060a9
178,AF1QipOug35qsUr1vxkksitCkFPczGJmnvvdYl1tp5jb,local/non_tomato_species/images/178_AF1QipOug35qsUr1vxkksitCkFPczGJmnvvdYl1tp5jb.jpg,2026-03-02,unknown,,,6569ed6b74c64e54
179,AF1QipN8-oTE3TTH1pc7oJ4_3fWORg64Vna2I-GJasMG,local/non_tomato_species/images/179_AF1QipN8-oTE3TTH1pc7oJ4_3fWORg64Vna2I-GJasMG.jpg,2026-03-02,unknown,,,4d6fcaec692d68f9
17,AF1QipM1i3MSJ0yhTT2hSftqHOFdl3W_wWqD5xJY0F34,local/non_tomato_species/images/17_AF1QipM1i3MSJ0yhTT2hSftqHOFdl3W_wWqD5xJY0F34.jpg,2026-02-25,tomato,,17T,362bfbf173d2d391
180,AF1QipN8ZYwEXwvzLkjDKNm9DxEqT5yaJRQ4gh72CG6S,local/non_tomato_species/images/180_AF1QipN8ZYwEXwvzLkjDKNm9DxEqT5yaJRQ4gh72CG6S.jpg,2026-03-02,unknown,,,4949aa8cb6b6766e
181,AF1QipPaEHh5Ou63o-uKT7SY-ty30c8VPPWNvyoh9Lu1,local/non_tomato_species/images/181_AF1QipPaEHh5Ou63o-uKT7SY-ty30c8VPPWNvyoh9Lu1.jpg,2026-03-02,unknown,,,d39badb33252a7d6
182,AF1QipOkb-F1GDSiZaS-cefbOXH_FS8izZJHWY8qU8a9,local/non_tomato_species/images/182_AF1QipOkb-F1GDSiZaS-cefbOXH_FS8izZJHWY8qU8a9.jpg,2026-03-02,unknown,,,4b292490c874d0a9
183,AF1QipNSDN45nrMljfJzK3Rod_6cqPHxGm5QbLgSEqRL,local/non_tomato_species/images/183_AF1QipNSDN45nrMljfJzK3Rod_6cqPHxGm5QbLgSEqRL.jpg,2026-03-02,unknown,,,896a2e2d2dd9977f
184,AF1QipMvXMmraMru_j5CnrJd6gqT-AW_aGUK7_yPG4LM,local/non_tomato_species/images/184_AF1QipMvXMmraMru_j5CnrJd6gqT-AW_aGUK7_yPG4LM.jpg,2026-03-02,unknown,,,334b37332925243c
185,AF1QipPc9T2qyGq07ITY9OjbRclKFUHdj2qELmCBzqEx,local/non_tomato_species/images/185_AF1QipPc9T2qyGq07ITY9OjbRclKFUHdj2qELmCBzqEx.jpg,2026-03-02,unknown,,,e1bb3955c9b6a6cc
186,AF1QipMhUtP9eRJkU1Of1coR9_Syf4mw-lKx7B9HvKWv,local/non_tomato_species/images/186_AF1QipMhUtP9eRJkU1Of1coR9_Syf4mw-lKx7B9HvKWv.jpg,2026-03-02,unknown,,,b7653714329ccce4
187,AF1QipPwKYyU88Dp85N2NDeVtt4AZrHOSEs1N2HATNY3,local/non_tomato_species/images/187_AF1QipPwKYyU88Dp85N2NDeVtt4AZrHOSEs1N2HATNY3.jpg,2026-03-02,unknown,,,3b995496ec296cc4
188,AF1QipPcvIRPNKi8_pe0U80eFZHKdu6cSDGidOGtTuHw,local/non_tomato_species/images/188_AF1QipPcvIRPNKi8_pe0U80eFZHKdu6cSDGidOGtTuHw.jpg,2026-03-02,unknown,,,6464c8c0b8d98ca6
189,AF1QipN8GWIJ88fcj9l-N7OM9f9k9BEVmkALJ-PT0WKO,local/non_tomato_species/images/189_AF1QipN8GWIJ88fcj9l-N7OM9f9k9BEVmkALJ-PT0WKO.jpg,2026-03-02,unknown,,,5b5815eda49e9c34
18,AF1QipP1dMtVzUEgy1xAa-BPODBu3C8Mv1MxdVczHmsv,local/non_tomato_species/images/18_AF1QipP1dMtVzUEgy1xAa-BPODBu3C8Mv1MxdVczHmsv.jpg,2026-02-25,tomato,,18T,94353dba3b191d2f
190,AF1QipPIviY86h9HnNqI_sSK1qNTYH9RqC65mr7HEEIc,local/non_tomato_species/images/190_AF1QipPIviY86h9HnNqI_sSK1qNTYH9RqC65mr7HEEIc.jpg,2026-03-02,unknown,,,7d5b6b635b2ab441
191,AF1QipMidJYX9xyasGhCNIucTRhkygzjVjjeb93ucc35,local/non_tomato_species/images/191_AF1QipMidJYX9xyasGhCNIucTRhkygzjVjjeb93ucc35.jpg,2026-03-02,unknown,,,9096379ba4692181
19,AF1QipNjCXO2DCyYSPo8z8XBD0Ec50YkcouPnONL4iMi,local/non_tomato_species/images/19_AF1QipNjCXO2DCyYSPo8z8XBD0Ec50YkcouPnONL4iMi.jpg,2026-02-25,tomato,,19T,322c6c4c34a86874
20,AF1QipOWtl-WwkecNu9F9l_igA2_xjUTX61phekqUISY,local/non_tomato_species/images/20_AF1QipOWtl-WwkecNu9F9l_igA2_xjUTX61phekqUISY.jpg,2026-02-25,tomato,,20T,99b525b9d9b1b544
21,AF1QipNgy53gtDiRsdSvAMrdHdBvBkbmKmaU1vFW5Zwz,local/non_tomato_species/images/21_AF1QipNgy53gtDiRsdSvAMrdHdBvBkbmKmaU1vFW5Zwz.jpg,2026-02-25,tomato,,21T,f5d7d6474f686d2c
22,AF1QipPAAscveydu_pS2BDKBY5GW6c2PcX28PTEVjWAg,local/non_tomato_species/images/22_AF1QipPAAscveydu_pS2BDKBY5GW6c2PcX28PTEVjWAg.jpg,2026-02-25,tomato,,22T,05050d0d49b5d958
23,AF1QipOyJ1f5YmuDH5yEFsgS-jiPJZezlWGcMT5fMGtw,local/non_tomato_species/images/23_AF1QipOyJ1f5YmuDH5yEFsgS-jiPJZezlWGcMT5fMGtw.jpg,2026-02-25,tomato,,23T,ab8b5d6b56eeae8e
24,AF1QipNP68Vw7mvYGsv5QBHZUceKBkEDLjdMJrAvrxd7,local/non_tomato_species/images/24_AF1QipNP68Vw7mvYGsv5QBHZUceKBkEDLjdMJrAvrxd7.jpg,2026-02-25,tomato,,24T,efa9346a7a325b3b
25,AF1QipMsgTsMPe0GgrGEOMSzeDEb5I0btOG77tyXcHuV,local/non_tomato_species/images/25_AF1QipMsgTsMPe0GgrGEOMSzeDEb5I0btOG77tyXcHuV.jpg,2026-02-25,tomato,,25T,0c0d193d1d5d1c41
26,AF1QipMEl7diDesLyGqrp1qoRqwhHn3qWfQf49Qfnky2,local/non_tomato_species/images/26_AF1QipMEl7diDesLyGqrp1qoRqwhHn3qWfQf49Qfnky2.jpg,2026-02-25,tomato,,26T,8fcf73637572725a
27,AF1QipNkNoPwuiEal7zLlF1luNvKjGdOMuwLzCIZ1XYC,local/non_tomato_species/images/27_AF1QipNkNoPwuiEal7zLlF1luNvKjGdOMuwLzCIZ1XYC.jpg,2026-02-27,unknown,,,be9e4f7d7cb8d8e4
28,AF1QipM8_VNjFYM6p6XZxnmZbDEe2Jta-agf8uMv3HRX,local/non_tomato_species/images/28_AF1QipM8_VNjFYM6p6XZxnmZbDEe2Jta-agf8uMv3HRX.jpg,2026-02-27,unknown,,,de4f2fbc9cd8d4f0
29,AF1QipPs5VaxkM25iMl5SmV5FGCnaaoIuO2T0AlKaJDc,local/non_tomato_species/images/29_AF1QipPs5VaxkM25iMl5SmV5FGCnaaoIuO2T0AlKaJDc.jpg,2026-02-27,unknown,,,0f3f30bcb2baf474
30,AF1QipMxykxrPSUc6w0Sfi5syejDGOKOoZpIr4sDFLm2,local/non_tomato_species/images/30_AF1QipMxykxrPSUc6w0Sfi5syejDGOKOoZpIr4sDFLm2.jpg,2026-02-27,unknown,,,db0336b4b4b4f0f4
31,AF1QipMuRYdh97xeszs34rqMRR0sncEgNU-1RSBC0iz8,local/non_tomato_species/images/31_AF1QipMuRYdh97xeszs34rqMRR0sncEgNU-1RSBC0iz8.jpg,2026-02-27,unknown,,,341eb3b0b8f0e074
32,AF1QipOh2iMlMQ7BT_GI2stqUxDG0ASkO8q7N_Gzp1mw,local/non_tomato_species/images/32_AF1QipOh2iMlMQ7BT_GI2stqUxDG0ASkO8q7N_Gzp1mw.jpg,2026-02-27,unknown,,,b63fb4b0b4d4f0b4
33,AF1QipMOrNyIbBFmWPB1l0MKNFxFAkvt1kqdtsz1vNRj,local/non_tomato_species/images/33_AF1QipMOrNyIbBFmWPB1l0MKNFxFAkvt1kqdtsz1vNRj.jpg,2026-02-27,unknown,,,9b6767c4d8d4f47c
34,AF1QipM5jM5GYBXRvXyJF6QM_c1PeZheaz2reTEUt5K-,local/non_tomato_species/images/34_AF1QipM5jM5GYBXRvXyJF6QM_c1PeZheaz2reTEUt5K-.jpg,2026-02-27,unknown,,,f96c96d4f0ecf070
35,AF1QipNu1M2E0AEQYK7hFn3pmzbxiIGeSq5J5Dotovbe,local/non_tomato_species/images/35_AF1QipNu1M2E0AEQYK7hFn3pmzbxiIGeSq5J5Dotovbe.jpg,2026-02-27,unknown,,,bc76afecc8d0f070
36,AF1QipPQ3ZWzolhWl3_1pB8e_6oGzGgs5Zr27sPloFFL,local/non_tomato_species/images/36_AF1QipPQ3ZWzolhWl3_1pB8e_6oGzGgs5Zr27sPloFFL.jpg,2026-02-27,unknown,,,64cf9cc4a890c0e0
37,AF1QipP0GSadCV_QUXvaUIJg4ToDtuQV2EuemT3VBdGd,local/non_tomato_species/images/37_AF1QipP0GSadCV_QUXvaUIJg4ToDtuQV2EuemT3VBdGd.jpg,2026-02-27,unknown,,,be1e3e73e4e4f8f8
38,AF1QipPcRUF9VFcBtV6xTPyLJvDNn91cVt9MSk1b9ELy,local/non_tomato_species/images/38_AF1QipPcRUF9VFcBtV6xTPyLJvDNn91cVt9MSk1b9ELy.jpg,2026-02-27,unknown,,,3d5c3e49c9d9f8fc
39,AF1QipO9O8ofJOltx3a8m1wZDzXD_RBObZa59LwMiQZc,local/non_tomato_species/images/39_AF1QipO9O8ofJOltx3a8m1wZDzXD_RBObZa59LwMiQZc.jpg,2026-02-27,unknown,,,4fd6ce2c64f87f7c
40,AF1QipPdVE9IB07u1CtbsQ3DSY74m3ZuwXADzVdyG_LQ,local/non_tomato_species/images/40_AF1QipPdVE9IB07u1CtbsQ3DSY74m3ZuwXADzVdyG_LQ.jpg,2026-02-27,unknown,,,3c5e3f59d9d8f070
41,AF1QipPhljrNj7wo-iKKOyxIf1xHvkkj3CkWIKYtnlv3,local/non_tomato_species/images/41_AF1QipPhljrNj7wo-iKKOyxIf1xHvkkj3CkWIKYtnlv3.jpg,2026-02-27,unknown,,,1e1a3fd9d8e8f87c
42,AF1QipMMO4uoJXozbYyUy6rRxeZYhw961kmp8Povegbo,local/non_tomato_species/images/42_AF1QipMMO4uoJXozbYyUy6rRxeZYhw961kmp8Povegbo.jpg,2026-02-27,unknown,,,9e2e1f7de8f8f87c
43,AF1QipMGoOuZlrRZznWkkqiaqTGliSLNsZ6uguUFT9Sw,local/non_tomato_species/images/43_AF1QipMGoOuZlrRZznWkkqiaqTGliSLNsZ6uguUFT9Sw.jpg,2026-02-27,unknown,,,f169bedca8d8c0f4
44,AF1QipNHxDXPshBC7-87uRtOOjldwWgD7sHwj3tsBqPl,local/non_tomato_species/images/44_AF1QipNHxDXPshBC7-87uRtOOjldwWgD7sHwj3tsBqPl.jpg,2026-02-27,unknown,,,9ede2de9c9f0f060
45,AF1QipN8xGY0DJ1YO6FxU8cQUCA5Xj8-aAL5J6K0jNs3,local/non_tomato_species/images/45_AF1QipN8xGY0DJ1YO6FxU8cQUCA5Xj8-aAL5J6K0jNs3.jpg,2026-02-27,unknown,,,7c7cba6edbd9d0dc
46,AF1QipMYQNQywKhbOyI2QHkZYogmbkuNr-LIeoWHrJiK,local/non_tomato_species/images/46_AF1QipMYQNQywKhbOyI2QHkZYogmbkuNr-LIeoWHrJiK.jpg,2026-02-27,unknown,,,9e2e3d2fe4e8f4b4
47,AF1QipMa0qMVkNBfCip-aaXnEkgaIrdRp7x04CMh_HI_,local/non_tomato_species/images/47_AF1QipMa0qMVkNBfCip-aaXnEkgaIrdRp7x04CMh_HI_.jpg,2026-02-27,unknown,,,9e2fbd1fc9e9d9fc
48,AF1QipNQus6o7w1H0bxgqTuVUHDttT63nQ0MI9HJ5nUt,local/non_tomato_species/images/48_AF1QipNQus6o7w1H0bxgqTuVUHDttT63nQ0MI9HJ5nUt.jpg,2026-02-27,unknown,,,3e5e6e8fd9d9c9f0
49,AF1QipM0yvLYq5gh5dD0jBeZ7QVjN21Ze4e4PZTa41m2,local/non_tomato_species/images/49_AF1QipM0yvLYq5gh5dD0jBeZ7QVjN21Ze4e4PZTa41m2.jpg,2026-02-27,unknown,,,6f3f0fe5e9f0f8fc
50,AF1QipN5DqCCkcW274dmS91S3YUqca660Mf_KV-k4Uuu,local/non_tomato_species/images/50_AF1QipN5DqCCkcW274dmS91S3YUqca660Mf_KV-k4Uuu.jpg,2026-02-27,unknown,,,3c5c7ebfdbd1f87c
51,AF1QipNODrVzJesRuXtXzBS4-drd3kbt24GJVefWTk2i,local/non_tomato_species/images/51_AF1QipNODrVzJesRuXtXzBS4-drd3kbt24GJVefWTk2i.jpg,2026-02-27,unknown,,,3f2f3f2dccd4c4f4
52,AF1QipNdeVT-5e36OTyiL2lMm7CBCmO9kGQLrkK_u0RW,local/non_tomato_species/images/52_AF1QipNdeVT-5e36OTyiL2lMm7CBCmO9kGQLrkK_u0RW.jpg,2026-02-27,unknown,,,3e5e5f6fedf0e0f0
53,AF1QipPWgrm0c2e2ueay8ltxkNXZmYWr_MEy6B3wWNyW,local/non_tomato_species/images/53_AF1QipPWgrm0c2e2ueay8ltxkNXZmYWr_MEy6B3wWNyW.jpg,2026-02-27,unknown,,,7f5f3e3fd9d8d9d9
54,AF1QipNNWpiy8RVHX96LLFVf8jWo7bcfr96LcWxlhLoN,local/non_tomato_species/images/54_AF1QipNNWpiy8RVHX96LLFVf8jWo7bcfr96LcWxlhLoN.jpg,2026-02-27,unknown,,,2e2d3755d1e8d4f4
55,AF1QipPl7rTGp9wwRZiLbaU7kO7c2HuMQ9t4Tpi1hSgo,local/non_tomato_species/images/55_AF1QipPl7rTGp9wwRZiLbaU7kO7c2HuMQ9t4Tpi1hSgo.jpg,2026-02-27,unknown,,,cf969f54c4f8f8ff
56,AF1QipN537ybNXCCXSFj6NaQyygBKMS8sEZRVnfUYAhQ,local/non_tomato_species/images/56_AF1QipN537ybNXCCXSFj6NaQyygBKMS8sEZRVnfUYAhQ.jpg,2026-02-27,unknown,,,f7fa7b99cce8c8e0
57,AF1QipPgDMe3CWYmipAB-no13igQfPJRtD0OwTtO982r,local/non_tomato_species/images/57_AF1QipPgDMe3CWYmipAB-no13igQfPJRtD0OwTtO982r.jpg,2026-02-27,unknown,,,3e5f3f57c4d0d0f8
58,AF1QipPW_xrbboWWeCEJUDigNayqwBG7NHzHDD0oShYP,local/non_tomato_species/images/58_AF1QipPW_xrbboWWeCEJUDigNayqwBG7NHzHDD0oShYP.jpg,2026-02-27,unknown,,,7e3e3c3ed7c4dcf8
59,AF1QipPdG_T6UaPwBUD1RGWtW2icgq6HQUXJSBMzrBw0,local/non_tomato_species/images/59_AF1QipPdG_T6UaPwBUD1RGWtW2icgq6HQUXJSBMzrBw0.jpg,2026-02-28,unknown,,,44a8a22629d2cedb
60,AF1QipPanucT93rePbK9xX_BQVLGL0wKqkUC2oQVjCNj,local/non_tomato_species/images/60_AF1QipPanucT93rePbK9xX_BQVLGL0wKqkUC2oQVjCNj.jpg,2026-02-28,unknown,,,6926a4b9e981a2e4
61,AF1QipOrjk-A7FWhfO-Po1FPkOKbhDU-z8hL7MYWQFmP,local/non_tomato_species/images/61_AF1QipOrjk-A7FWhfO-Po1FPkOKbhDU-z8hL7MYWQFmP.jpg,2026-02-28,unknown,,,209ad91776421818
62,AF1QipNCyuVuWMVC3_ftDTgjFt8IWXGqZtv7-NGm72sH,local/non_tomato_species/images/62_AF1QipNCyuVuWMVC3_ftDTgjFt8IWXGqZtv7-NGm72sH.jpg,2026-02-28,unknown,,,626c6973319c18a0
63,AF1QipPubP7Cfb9shgNI4FKnCnkt3v85xCt7AsTwt7S6,local/non_tomato_species/images/63_AF1QipPubP7Cfb9shgNI4FKnCnkt3v85xCt7AsTwt7S6.jpg,2026-02-28,unknown,,,4a486173999988e6
64,AF1QipO0FF9Lbn43TXTt13Dwd5iLZtqrkOBABwpAla08,local/non_tomato_species/images/64_AF1QipO0FF9Lbn43TXTt13Dwd5iLZtqrkOBABwpAla08.jpg,2026-02-28,unknown,,,7176b6eba3f0f299
65,AF1QipMDFdFrsuQ19k9mtazn8wxw7Xk1jXHk3u5kvRya,local/non_tomato_species/images/65_AF1QipMDFdFrsuQ19k9mtazn8wxw7Xk1jXHk3u5kvRya.jpg,2026-02-28,unknown,,,66a41234464adbe2
66,AF1QipNa_4m2EBDAlOxdIjS7hFZ5qQC7FzMHuKmo7-xM,local/non_tomato_species/images/66_AF1QipNa_4m2EBDAlOxdIjS7hFZ5qQC7FzMHuKmo7-xM.jpg,2026-02-28,unknown,,,4b6566649892169c
67,AF1QipPKAdWgPHFVm5YG1Ft_YdGrU-SAq31-0FoUtN-l,local/non_tomato_species/images/67_AF1QipPKAdWgPHFVm5YG1Ft_YdGrU-SAq31-0FoUtN-l.jpg,2026-02-28,unknown,,,cbeafaf9f3da5a58
68,AF1QipNsdwNtWA9hWh1GFXTU70rlrG8HIzAVQFyZCBcI,local/non_tomato_species/images/68_AF1QipNsdwNtWA9hWh1GFXTU70rlrG8HIzAVQFyZCBcI.jpg,2026-02-28,unknown,,,b4942b868fadb5c3
69,AF1QipOtfgGC6kw6p74wMcF5b0RrV_9q3JEA88Toh1lv,local/non_tomato_species/images/69_AF1QipOtfgGC6kw6p74wMcF5b0RrV_9q3JEA88Toh1lv.jpg,2026-02-28,non_tomato,,69T,dc8eb22a97b11101
70,AF1QipPlHHnlOJHRX4jyTuWRQGkWn2l8Ns9kgnIGF95-,local/non_tomato_species/images/70_AF1QipPlHHnlOJHRX4jyTuWRQGkWn2l8Ns9kgnIGF95-.jpg,2026-02-28,unknown,,,0c9532b46a229080
71,AF1QipPq_BwQYcGRESnVbEXHxyGnNJyt8Hli_XP_F9Ww,local/non_tomato_species/images/71_AF1QipPq_BwQYcGRESnVbEXHxyGnNJyt8Hli_XP_F9Ww.jpg,2026-02-28,unknown,,,a66a22cb2b2b2bc3
72,AF1QipMuK-0SFRt7JtKjjIAyaaPCEmFimg0WCyLXDJ5i,local/non_tomato_species/images/72_AF1QipMuK-0SFRt7JtKjjIAyaaPCEmFimg0WCyLXDJ5i.jpg,2026-02-28,unknown,,,486e17edcc485e74
73,AF1QipPANAWdUHUA6Rb2gGxOnLzUlzrK2MW9Jxb-gwWa,local/non_tomato_species/images/73_AF1QipPANAWdUHUA6Rb2gGxOnLzUlzrK2MW9Jxb-gwWa.jpg,2026-02-28,unknown,,,c55913dd60c9c303
74,AF1QipP2RYAT4X4c-NDudcJktwxOEUxql5rQeL15BA2d,local/non_tomato_species/images/74_AF1QipP2RYAT4X4c-NDudcJktwxOEUxql5rQeL15BA2d.jpg,2026-02-28,unknown,,,495cdac44d4ae3e7
75,AF1QipPt-NKTgu4l7exf9nLGOkV_cyNzDV83exVU6qIp,local/non_tomato_species/images/75_AF1QipPt-NKTgu4l7exf9nLGOkV_cyNzDV83exVU6qIp.jpg,2026-02-28,unknown,,,534b129656d191b9
76,AF1QipM3K_2eWKR3kFYVV0WlwN2N_K4-6RcdKO14KMcg,local/non_tomato_species/images/76_AF1QipM3K_2eWKR3kFYVV0WlwN2N_K4-6RcdKO14KMcg.jpg,2026-02-28,unknown,,,bbd994b666665095
77,AF1QipNMQsEruJledTyWMij7GISvUPBwhasq7B0JWtMm,local/non_tomato_species/images/77_AF1QipNMQsEruJledTyWMij7GISvUPBwhasq7B0JWtMm.jpg,2026-02-28,unknown,,,e57175346a2a6278
78,AF1QipMHqWeE93q9Ovs7OXkLreQyw8t1TVWR_HfNzrv1,local/non_tomato_species/images/78_AF1QipMHqWeE93q9Ovs7OXkLreQyw8t1TVWR_HfNzrv1.jpg,2026-02-28,unknown,,,7a44b2bb89951626
79,AF1QipNG6W0i17Q-VM-w6wkrd8SPa1f4hLgktZhrqvPZ,local/non_tomato_species/images/79_AF1QipNG6W0i17Q-VM-w6wkrd8SPa1f4hLgktZhrqvPZ.jpg,2026-02-28,unknown,,,baabb1d4f2faac2c
80,AF1QipPTRenQMhPx39xK37cc9nA5xBE66nR9bwAbJES1,local/non_tomato_species/images/80_AF1QipPTRenQMhPx39xK37cc9nA5xBE66nR9bwAbJES1.jpg,2026-02-28,unknown,,,acc5663a24c45e96
81,AF1QipPEad0ggMJvfwykUpjpTn0KZfxf_TPTkVf04nqY,local/non_tomato_species/images/81_AF1QipPEad0ggMJvfwykUpjpTn0KZfxf_TPTkVf04nqY.jpg,2026-02-28,unknown,,,098c36b2b3454d6c
82,AF1QipNOzHkk4-QYEg_3emd3syx5Z1IN3w8aJct-UBNI,local/non_tomato_species/images/82_AF1QipNOzHkk4-QYEg_3emd3syx5Z1IN3w8aJct-UBNI.jpg,2026-02-28,unknown,,,9a923236b595a083
83,AF1QipNEys5hf77ERQncizSI1R9M_ZCVJsXn3XcxnI5w,local/non_tomato_species/images/83_AF1QipNEys5hf77ERQncizSI1R9M_ZCVJsXn3XcxnI5w.jpg,2026-02-28,unknown,,,d3935dd5c9d1cec4
84,AF1QipPsUfaWpyRhZsQFdVQ32Jbeb6r_i36h3t5W9puI,local/non_tomato_species/images/84_AF1QipPsUfaWpyRhZsQFdVQ32Jbeb6r_i36h3t5W9puI.jpg,2026-02-28,unknown,,,91d82f8b9ca0daf2
85,AF1QipOw7mapHrBy7hUZcbIdhXEvbJVXPYN-MnVWdoUK,local/non_tomato_species/images/85_AF1QipOw7mapHrBy7hUZcbIdhXEvbJVXPYN-MnVWdoUK.jpg,2026-02-28,unknown,,,11165619d21cf4e4
86,AF1QipPLhP4hNgXDaAMwkaJjzkJSlPBrlSP1h-oCyihI,local/non_tomato_species/images/86_AF1QipPLhP4hNgXDaAMwkaJjzkJSlPBrlSP1h-oCyihI.jpg,2026-02-28,unknown,,,d95972b3b5264692
87,AF1QipN8lN2IVLqK4sAOJ_vFHm3AXHh9n7uFHwwWGyBK,local/non_tomato_species/images/87_AF1QipN8lN2IVLqK4sAOJ_vFHm3AXHh9n7uFHwwWGyBK.jpg,2026-02-28,unknown,,,55156536b1dd90ab
88,AF1QipMA1KNHY-BkzEndCV8bbb6VSo3d5vNcieos4-_i,local/non_tomato_species/images/88_AF1QipMA1KNHY-BkzEndCV8bbb6VSo3d5vNcieos4-_i.jpg,2026-02-28,unknown,,,c253d1d9ca4c2567
89,AF1QipMy07ShH1PZZKTwlfyeihWHhK1NMzrXYVSMKX9H,local/non_tomato_species/images/89_AF1QipMy07ShH1PZZKTwlfyeihWHhK1NMzrXYVSMKX9H.jpg,2026-02-28,unknown,,,10524351690c1456
90,AF1QipOiBi50K5TwISV3rtRgP2GIQC4IT7UbtiGN28Ps,local/non_tomato_species/images/90_AF1QipOiBi50K5TwISV3rtRgP2GIQC4IT7UbtiGN28Ps.jpg,2026-02-28,unknown,,,4864b43aca9581d0
91,AF1QipOQAf3qzszGT2JYx_6t_r8Qkx_fIYYsf6S57RZX,local/non_tomato_species/images/91_AF1QipOQAf3qzszGT2JYx_6t_r8Qkx_fIYYsf6S57RZX.jpg,2026-02-28,unknown,,,544a42b44a58884a
92,AF1QipMJXha_JmrzoMx996QXpREef_V5ciTb8WEIp4eS,local/non_tomato_species/images/92_AF1QipMJXha_JmrzoMx996QXpREef_V5ciTb8WEIp4eS.jpg,2026-03-01,unknown,,,929da9e4ecabb3d6
93,AF1QipPe37zlAju2TCouAPV5YunJmnridTiSZ9W1j0SB,local/non_tomato_species/images/93_AF1QipPe37zlAju2TCouAPV5YunJmnridTiSZ9W1j0SB.jpg,2026-03-01,unknown,,,9beb4b2ccebb1360
94,AF1QipONKQXPCi8_IMuBZYIiNLRXP-o8Gm7HXKwK_kb8,local/non_tomato_species/images/94_AF1QipONKQXPCi8_IMuBZYIiNLRXP-o8Gm7HXKwK_kb8.jpg,2026-03-01,unknown,,,59da58ad46931000
95,AF1QipMMCumGhk1D8US61YdSqwHboM6y4zS6DB94bSdS,local/non_tomato_species/images/95_AF1QipMMCumGhk1D8US61YdSqwHboM6y4zS6DB94bSdS.jpg,2026-03-01,unknown,,,af9d94c9f9981b80
96,AF1QipN5UGDUBJE_TdMqBxwaVvmSpxhobGE5Jpp5IE9M,local/non_tomato_species/images/96_AF1QipN5UGDUBJE_TdMqBxwaVvmSpxhobGE5Jpp5IE9M.jpg,2026-03-01,unknown,,,58143a23a561af10
97,AF1QipMF9sn-jl1cee6mjqNHlog2czXKVlISGoQ3Ubpd,local/non_tomato_species/images/97_AF1QipMF9sn-jl1cee6mjqNHlog2czXKVlISGoQ3Ubpd.jpg,2026-03-01,unknown,,,0e4ccc742df2f3f6
98,AF1QipO8XHoL29mQYFBMh2KIq_wYCf-Qq_x7VV9X78GB,local/non_tomato_species/images/98_AF1QipO8XHoL29mQYFBMh2KIq_wYCf-Qq_x7VV9X78GB.jpg,2026-03-01,unknown,,,232565d6665d5165
99,AF1QipPhpVFmWxOEuSQR2TvDy31tpDiVeCfEW7xvZ-XF,local/non_tomato_species/images/99_AF1QipPhpVFmWxOEuSQR2TvDy31tpDiVeCfEW7xvZ-XF.jpg,2026-03-01,unknown,,,58292b2566728247
