queue_priority_rank,severity_score,pot_id,variety_name,tracking_readiness,anchor_mode,focus_score,pot_coverage,neighbor_spill_ratio,spill_in_pot_ratio,chlorosis_ratio,growth_delta,capture_date,disambiguation_note,next_step_text,overlay_path,crop_path,photo_url,source_asset_id
1,0.690,4T,San Francisco Fog,low,plant,0.444,0.035318,0.691665,0.64933,0.270802,,2026-03-11,High spill case. Treat the current overlay as a hint only and separate target leaves from adjacent pots before tracing.,Foreign foliage is still entering the target crop or crowding it too closely; this pot is a good candidate for custom pot-mask labeling.,assets/v1-10-pot-cv/4t_af1qippifscp_xso_overlay.jpg,assets/v1-10-pot-cv/4t_af1qippifscp_xso_crop.jpg,https://lh3.googleusercontent.com/pw/AP1GczMZldMQ3BvrXLu4pSo1sF5wWGMrvXG-nn4982UUpDDvSXP2nG9QWQjqBaYMJrQdCO5LQkrbQl1X9WvpJowOrZziojtUb14HV4IOuqUiGifOFgp1wBU7,AF1QipPiFscP_XsoFilUeOdImxQeQECVqnAU4Go5M656
2,0.641,29T,Sunset's Red Horizon,low,plant,0.457,0.015185,0.642376,0.598796,0.353503,,2026-03-11,High spill case. Treat the current overlay as a hint only and separate target leaves from adjacent pots before tracing.,Foreign foliage is still entering the target crop or crowding it too closely; this pot is a good candidate for custom pot-mask labeling.,assets/v1-10-pot-cv/29t_af1qipmpegtr2piz_overlay.jpg,assets/v1-10-pot-cv/29t_af1qipmpegtr2piz_crop.jpg,https://lh3.googleusercontent.com/pw/AP1GczORy21Kg80nkvMFIJLSwORwtJ3z7CjrLsOKNcknsW_jgzkPH4Xeja5ou5Df7I_IByJOc6Yg1md_2vwK4Oyl8Eov_y7GjbEFyVUuU98aka2SGRtGcMPC,AF1QipMPEGtr2PizZd_5KSsG4RdiR7zmzho6h1Pj5pqP
3,0.601,18T,Azoychka,moderate,plant,0.485,0.03202,0.647927,0.640369,0.310178,-0.007224,2026-03-11,High spill case. Treat the current overlay as a hint only and separate target leaves from adjacent pots before tracing.,Foreign foliage is still entering the target crop or crowding it too closely; this pot is a good candidate for custom pot-mask labeling.,assets/v1-10-pot-cv/18t_af1qipomfzbissao_overlay.jpg,assets/v1-10-pot-cv/18t_af1qipomfzbissao_crop.jpg,https://lh3.googleusercontent.com/pw/AP1GczN06mVA3gSSr786HmbPWcb8JGgmdh-zvSE5XYny0V2mAOzhm8WwSg7O6LBhdWMcoDbtMA0GQCt9J9ya32HwgTvncdHl_fhXR5e1eEshBEUgcsChctVn,AF1QipOMFZBiSSAojmC0MBW1F06JB_Su5YxZIsoGjPnx
4,0.561,20T,Azoychka,moderate,plant,0.489,0.032203,0.591302,0.527415,0.060523,-0.921786,2026-03-11,High spill case. Treat the current overlay as a hint only and separate target leaves from adjacent pots before tracing.,Foreign foliage is still entering the target crop or crowding it too closely; this pot is a good candidate for custom pot-mask labeling.,assets/v1-10-pot-cv/20t_af1qipp3xlaaorlp_overlay.jpg,assets/v1-10-pot-cv/20t_af1qipp3xlaaorlp_crop.jpg,https://lh3.googleusercontent.com/pw/AP1GczPk_BQUqBVvFg9o-A9_aqPmZF_n9yDaURBz1oOHE5Cx4pGtdbzLWdFTRiu6Ep0OpKac2dCIFDKLn95SdAK42oIoty5bzjOHFn7AeJGJUTDwulQ9rY5Z,AF1QipP3XLaAOrlPr9gPTeJ_UXd2wlOUYO6bjQO_9ImW
5,0.560,1T,Nikolayev Yellow Cherry,low,plant,0.514,0.040839,0.516466,0.552414,0.040925,,2026-03-11,Weak focus and neighbor spill combine here. Verify the pot center manually before deciding which canopy belongs to the target pot.,Foreign foliage is still entering the target crop or crowding it too closely; this pot is a good candidate for custom pot-mask labeling.,assets/v1-10-pot-cv/1t_af1qippwvgfvcyis_overlay.jpg,assets/v1-10-pot-cv/1t_af1qippwvgfvcyis_crop.jpg,https://lh3.googleusercontent.com/pw/AP1GczM7iRcuwP2N1DkDD3FxgtZzS1758xUjcMpszBTDfePAMCdHgVxSq69IzUtNhOFRvmhq7zO3W1hZShqOo1YSlKWteiXYoeoJRAfKDwQ8s_nOE0L948ei,AF1QipPWVGFvcyIs2zcZa66TOcrZdhrpPzTb5jt_oPQk
6,0.531,32T,Sunset's Red Horizon,low,plant,0.54,0.074701,0.450852,0.42599,0.178783,,2026-03-11,Weak focus and neighbor spill combine here. Verify the pot center manually before deciding which canopy belongs to the target pot.,Foreign foliage is still entering the target crop or crowding it too closely; this pot is a good candidate for custom pot-mask labeling.,assets/v1-10-pot-cv/32t_af1qipmsofuyy_hg_overlay.jpg,assets/v1-10-pot-cv/32t_af1qipmsofuyy_hg_crop.jpg,https://lh3.googleusercontent.com/pw/AP1GczMkw9UGV12eGfIXDBLtnoaKnpTSknS4A93x7hq1boCCBSQYr1kJea5ftn3FdDX_TJErEW-a9n1rF3-eApBaECvQOQfFo2NGAJiiZ7mIg3JAZlJgcQ3-,AF1QipMsOFuYy_HglsNqohTBoXJgXg30f9AqeYuLi8En
7,0.479,5T,San Francisco Fog,moderate,plant,0.578,0.137035,0.451652,0.325659,0.277848,,2026-03-11,"Moderate overlap. Trace the pot interior first, then keep the canopy tight to that boundary and exclude crossing leaves.",Foreign foliage is still entering the target crop or crowding it too closely; this pot is a good candidate for custom pot-mask labeling.,assets/v1-10-pot-cv/5t_af1qipogifz9tbit_overlay.jpg,assets/v1-10-pot-cv/5t_af1qipogifz9tbit_crop.jpg,https://lh3.googleusercontent.com/pw/AP1GczPh7taTIHIJcnGA_Jv3hB0ra2bCDrt9r_HmIwnU75BsRRcjrllb_j-PbkyYBne2sz5WsZvhp9WNrP43tfMSBsmIh4o5dzsmVxURVIzN7IJYG6ahGoOS,AF1QipOgIFZ9tBItB4LVsfNo6qyz6EMWOcJioKodQCfs
8,0.444,28T,Taxi,moderate,plant,0.589,0.052881,0.428162,0.34324,0.234234,,2026-03-11,"Moderate overlap. Trace the pot interior first, then keep the canopy tight to that boundary and exclude crossing leaves.",Foreign foliage is still entering the target crop or crowding it too closely; this pot is a good candidate for custom pot-mask labeling.,assets/v1-10-pot-cv/28t_af1qipnrbdcwr2ie_overlay.jpg,assets/v1-10-pot-cv/28t_af1qipnrbdcwr2ie_crop.jpg,https://lh3.googleusercontent.com/pw/AP1GczNX6-DzOjYTJOk3SWrf44P1u2Rudda8nspQ5CcDq-u-6HkOErbFlG3uOAWnbo8rkoY1U6JO2D9uVJ5PynJvbI8B9pY8xwyH-9hTFYiyRj5PoZ9MVOgT,AF1QipNrbdcWr2ieP9FHx0NB8hxgBx2U4kYKjx7nfm_9
9,0.406,30T,Sunset's Red Horizon,moderate,plant,0.58,0.063234,0.362688,0.363834,0.087749,,2026-03-11,"Moderate overlap. Trace the pot interior first, then keep the canopy tight to that boundary and exclude crossing leaves.",Foreign foliage is still entering the target crop or crowding it too closely; this pot is a good candidate for custom pot-mask labeling.,assets/v1-10-pot-cv/30t_af1qipnjzqqsyotp_overlay.jpg,assets/v1-10-pot-cv/30t_af1qipnjzqqsyotp_crop.jpg,https://lh3.googleusercontent.com/pw/AP1GczM1l2h23efyYOEpGypP_uL59JMHNgTUgfwt_Cm_Z-d_iQZgn9PgOwC4JqXZJcQ7tofxFWG0IyXl1dl8gMX9Td7dsKf6_uRSdkr10-ZZPhd26d05N3aq,AF1QipNJzqqsYOTPlozy2BZ70dLA1zn6LxB7hLUundVw
