pot_id,pot_number,variety_name,capture_date,source_asset_id,photo_url,image_path,baseline_source_asset_id,baseline_capture_date,plant_count_estimate,canopy_components,vegetation_coverage,chlorosis_ratio,growth_delta,health_score,survival_hypothesis,action_code,action_recommendation,data_quality_flag,blur_score,brightness_mean,edge_density
1T,1,Sunset's Red Horizon,2026-02-27,AF1QipNkNoPwuiEal7zLlF1luNvKjGdOMuwLzCIZ1XYC,https://lh3.googleusercontent.com/pw/AP1GczMspnDV4yy6NgNlxgybeEO1gNnv5SvZ2YwRQhAQtnzq-ypeUErNXJLVb9s3JXaBBrv_cEPeLH2o_BhgYx3culTiJ0u5eaoEgZ_TMeZWDujH1pXblORm,local/non_tomato_species/images/27_AF1QipNkNoPwuiEal7zLlF1luNvKjGdOMuwLzCIZ1XYC.jpg,,,1,1,0.018883,0.158782,,44.11,low,increase_light,Increase direct morning light exposure and monitor soil moisture daily.,ok,1409.449,134.845,0.156028
2T,2,Taxi,2026-02-27,AF1QipM8_VNjFYM6p6XZxnmZbDEe2Jta-agf8uMv3HRX,https://lh3.googleusercontent.com/pw/AP1GczMqxFz88jhevGGborYJjQn9TO37YSA1Yn_J6HhEnA7NfJnqdmp4HbyOINvkrwhVJBC8fQzPOxKa3EPgEBRx_n1wIr965ExCbBvtInDrH6ZcM3IH4src,local/non_tomato_species/images/28_AF1QipM8_VNjFYM6p6XZxnmZbDEe2Jta-agf8uMv3HRX.jpg,,,1,1,0.058476,0.06117,,66.26,moderate,maintain_current_care,Maintain current care and continue weekly monitoring.,ok,716.222,112.821,0.135808
3T,3,Sunset's Red Horizon,2026-02-27,AF1QipPs5VaxkM25iMl5SmV5FGCnaaoIuO2T0AlKaJDc,https://lh3.googleusercontent.com/pw/AP1GczPj0LcfwL6u4FKikzzERHKEe2r4Aeemp8WSIukvKcEf77d7hhQBdT0VP-v1hjS0lfh6aCaTSRYBeAhc2N3PyXOtMzyI70LJCqjK3VPZZFtkNvZGYiz3,local/non_tomato_species/images/29_AF1QipPs5VaxkM25iMl5SmV5FGCnaaoIuO2T0AlKaJDc.jpg,,,2,2,0.020478,0.17095,,47.62,moderate,maintain_current_care,Maintain current care and continue weekly monitoring.,ok,1771.338,123.737,0.185804
4T,4,San Francisco Fog,2026-02-27,AF1QipMxykxrPSUc6w0Sfi5syejDGOKOoZpIr4sDFLm2,https://lh3.googleusercontent.com/pw/AP1GczPDMVWYjdcJEfLfSyLldRqqFEgaOiY2ANB8hldouIAqy_J-08omhsCvbq-b6Z-f2UD1--DRwai0f-szHUGpg2cstd6r9hNxgkscxEHrxjWsk-nZo2On,local/non_tomato_species/images/30_AF1QipMxykxrPSUc6w0Sfi5syejDGOKOoZpIr4sDFLm2.jpg,,,1,1,0.004281,0.485217,,24.59,low,check_nutrients,Check nitrogen/magnesium availability and apply half-strength balanced feed.,low_signal,1202.298,129.542,0.163744
5T,5,San Francisco Fog,2026-02-27,AF1QipMuRYdh97xeszs34rqMRR0sncEgNU-1RSBC0iz8,https://lh3.googleusercontent.com/pw/AP1GczNO50WfF518Cy03IelfloUktfgNH7c_lk_FHQpPhq3k6-gEccPSkxFJq7AYO5DeiRVHDetXn4CCyppiyDNxQqt1nsn6fQJIpEZxR00BIV2MXusD8Vf_,local/non_tomato_species/images/31_AF1QipMuRYdh97xeszs34rqMRR0sncEgNU-1RSBC0iz8.jpg,,,2,2,0.035776,0.001133,,62.05,moderate,maintain_current_care,Maintain current care and continue weekly monitoring.,ok,539.201,129.148,0.113476
6T,6,San Francisco Fog,2026-02-27,AF1QipOh2iMlMQ7BT_GI2stqUxDG0ASkO8q7N_Gzp1mw,https://lh3.googleusercontent.com/pw/AP1GczNexmoMldYiO-5ZxWlBQbDqpzm-TOlMjIVYfehr9l4uNw_6RHB4TeszoGreTKYDV90_Plfn4MWhxVnahcR0U82-9_r5NlrYLO2hTxKzRPeYP69bG0B_,local/non_tomato_species/images/32_AF1QipOh2iMlMQ7BT_GI2stqUxDG0ASkO8q7N_Gzp1mw.jpg,,,1,1,0.009898,0.0,,47.12,low,increase_light,Increase direct morning light exposure and monitor soil moisture daily.,low_signal,375.88,120.46,0.085335
7T,7,Sasha Altai,2026-02-27,AF1QipMOrNyIbBFmWPB1l0MKNFxFAkvt1kqdtsz1vNRj,https://lh3.googleusercontent.com/pw/AP1GczNpueT12SXMsMrHdCSbRX0urRlLgcBnz5e70xcf0xpkMmaVQ5379H2GqOJZQDQkkBstFyPqXZTByLJ9N1UI02J5idg0shQnnTJIVEhCOKNmkIWnL67A,local/non_tomato_species/images/33_AF1QipMOrNyIbBFmWPB1l0MKNFxFAkvt1kqdtsz1vNRj.jpg,,,1,2,0.00709,0.067227,,42.87,low,increase_light,Increase direct morning light exposure and monitor soil moisture daily.,low_signal,2925.918,106.417,0.238186
8T,8,Iles Yellow Latvian,2026-02-27,AF1QipM5jM5GYBXRvXyJF6QM_c1PeZheaz2reTEUt5K-,https://lh3.googleusercontent.com/pw/AP1GczOAnNE-AntYNp3NqwVrSekv-DWmBx4X8517cw0BX4oxkAfFpENyfu9-Z25fqKrgZibBCFnhtktescugXwsLIhRJus1xEePli-zSRQBMxVtuBObZRY_Z,local/non_tomato_species/images/34_AF1QipM5jM5GYBXRvXyJF6QM_c1PeZheaz2reTEUt5K-.jpg,,,1,1,0.035312,0.014184,,57.93,moderate,maintain_current_care,Maintain current care and continue weekly monitoring.,ok,1602.188,106.891,0.189772
9T,9,Iles Yellow Latvian,2026-02-27,AF1QipNu1M2E0AEQYK7hFn3pmzbxiIGeSq5J5Dotovbe,https://lh3.googleusercontent.com/pw/AP1GczNxvEUUByth3inm218o3N36rOfEqO8mtAy2HE1nIHSpOo5heE4FTj8KG6NfFMnaWOpKQaBUSm3n-1PpFLwgqidfKsE1AzD---Q5dSGENejr-mtoXwQ-,local/non_tomato_species/images/35_AF1QipNu1M2E0AEQYK7hFn3pmzbxiIGeSq5J5Dotovbe.jpg,,,0,0,0.0,0.0,,39.33,low,increase_light,Increase direct morning light exposure and monitor soil moisture daily.,low_signal,1904.572,116.41,0.204047
10T,10,Iles Yellow Latvian,2026-02-27,AF1QipPQ3ZWzolhWl3_1pB8e_6oGzGgs5Zr27sPloFFL,https://lh3.googleusercontent.com/pw/AP1GczNf_XOSQLU-S56-YXdNNKgl3cMQ89E8uBh-VA-pO5FSTp-DWWRCgAi03XaCQqwOn8I4vDevbPG-p0lf2iDd8yaGuRYBqEF8CFcWMvA5t9Ama2fqL3dZ,local/non_tomato_species/images/36_AF1QipPQ3ZWzolhWl3_1pB8e_6oGzGgs5Zr27sPloFFL.jpg,,,0,0,0.0,0.0,,39.33,low,increase_light,Increase direct morning light exposure and monitor soil moisture daily.,low_signal,1845.021,110.586,0.223352
11T,11,Iles Yellow Latvian,2026-02-27,AF1QipP0GSadCV_QUXvaUIJg4ToDtuQV2EuemT3VBdGd,https://lh3.googleusercontent.com/pw/AP1GczMfo9NBEs53rqIly_9WsQHXNXEmxpOAzN_6vYbo_JBUv8uy_U_vrSwTMTDuzfZQzx1ylGWMnrR12t5NiHjGEkJX-j2vAa3MGiZd9ws59CEsXpkTQ0Fz,local/non_tomato_species/images/37_AF1QipP0GSadCV_QUXvaUIJg4ToDtuQV2EuemT3VBdGd.jpg,,,3,4,0.044488,0.006338,,62.4,moderate,maintain_current_care,Maintain current care and continue weekly monitoring.,ok,1699.706,118.1,0.187686
12T,12,Iles Yellow Latvian,2026-02-27,AF1QipPcRUF9VFcBtV6xTPyLJvDNn91cVt9MSk1b9ELy,https://lh3.googleusercontent.com/pw/AP1GczOF7FUdohj3sD_dtw24urJStx4ET4pqvlkbH0rvtXURmOPx1wf3xtA9GE4JpWSyh6phJEv1rsaYhgvTNzUF8lDHHeEX7KVET36uEXqXjy3SVe47Z0JS,local/non_tomato_species/images/38_AF1QipPcRUF9VFcBtV6xTPyLJvDNn91cVt9MSk1b9ELy.jpg,,,2,4,0.024214,0.031544,,55.49,moderate,maintain_current_care,Maintain current care and continue weekly monitoring.,ok,1115.854,135.085,0.157964
13T,13,San Francisco Fog,2026-02-27,AF1QipO9O8ofJOltx3a8m1wZDzXD_RBObZa59LwMiQZc,https://lh3.googleusercontent.com/pw/AP1GczPELAIUEBHHZlOBv89CmH0M7rQpbMxn4_mvK4NERomCB8OnPKHjKE8Rhcbmj47u0Y4sDl8lnHi1B6abEEpB4CQV_oC5w8CW4DFBf8_3lk8sOfpMqnoy,local/non_tomato_species/images/39_AF1QipO9O8ofJOltx3a8m1wZDzXD_RBObZa59LwMiQZc.jpg,AF1QipNPL4nt2YpB_XIcQzYhO655wqvWMHRH-KHmtrYL,2026-02-25,1,1,0.058981,0.052081,1.717941,75.89,moderate,maintain_current_care,Maintain current care and continue weekly monitoring.,ok,1487.725,131.824,0.159859
14T,14,Iles Yellow Latvian,2026-02-27,AF1QipPdVE9IB07u1CtbsQ3DSY74m3ZuwXADzVdyG_LQ,https://lh3.googleusercontent.com/pw/AP1GczM5oed7ect65oYYdWPU2rPHIA1IBOnVt4zFJX4Xl137EmqQ1fGnWDYaU6JKqjFewDYzXuwNRWHPs29A1v5uJkonuHmHSCmWfAfwTOieNl710yjsWKRE,local/non_tomato_species/images/40_AF1QipPdVE9IB07u1CtbsQ3DSY74m3ZuwXADzVdyG_LQ.jpg,AF1QipOKLGjadxmA3cB21dGUO7lBOdTQURwF1BvGZdiR,2026-02-25,1,2,0.009067,0.0,-0.65965,35.75,low,inspect_root_moisture,Inspect root zone and moisture consistency; growth appears stalled since baseline.,low_signal,1806.957,121.217,0.171911
15T,15,Taxi,2026-02-27,AF1QipPhljrNj7wo-iKKOyxIf1xHvkkj3CkWIKYtnlv3,https://lh3.googleusercontent.com/pw/AP1GczOVJ4mM69ZgsEPDI5j1WCddGNSR0suntrDbgip765jcq9RNnf5vkkK_d5WTV_QjmkWYisUH2CT8ENnXJKeh6d8hJtSwNJ8De37YhGMrUQzCiWwAcyK6,local/non_tomato_species/images/41_AF1QipPhljrNj7wo-iKKOyxIf1xHvkkj3CkWIKYtnlv3.jpg,AF1QipN2YoB1bCy4GtnTmb14BMvYRBvSTUZ2eqDUQChh,2026-02-25,1,2,0.014002,0.049356,-0.825977,35.77,low,inspect_root_moisture,Inspect root zone and moisture consistency; growth appears stalled since baseline.,ok,2333.202,129.488,0.177215
16T,16,Nikolayev Yellow Cherry,2026-02-27,AF1QipMMO4uoJXozbYyUy6rRxeZYhw961kmp8Povegbo,https://lh3.googleusercontent.com/pw/AP1GczP4av51WsEbp0Um4GA6Q5kaq5RRvVR0B7RTWLIgjNQv8eSHyhL4YJwMTo6oPruznEFUZzWDzFvSowQpIliR_C5DpHa_6Tm0kRVWWj2KEuvXCRc31fIc,local/non_tomato_species/images/42_AF1QipMMO4uoJXozbYyUy6rRxeZYhw961kmp8Povegbo.jpg,AF1QipOLVxSyli52QM5HMEqdgY_3saaI5bYdnoJgIolG,2026-02-25,3,6,0.062335,0.000404,-0.115114,62.4,moderate,thin_seedlings,Thin to the strongest 1-2 seedlings in this pot to reduce competition.,ok,2259.401,132.058,0.180732
17T,17,Japanese Black Trifele,2026-02-27,AF1QipMGoOuZlrRZznWkkqiaqTGliSLNsZ6uguUFT9Sw,https://lh3.googleusercontent.com/pw/AP1GczMid2vqci6ubHdgRwTzgP25xC7No26ABEuVsbpJWT7wa4f8IAuJl6v1uU_mw-Vx5Yh6nzVoVEU8LanCnuCHHAPKXHeDg0sxMewAzfgUx4B-CKXUZ5dZ,local/non_tomato_species/images/43_AF1QipMGoOuZlrRZznWkkqiaqTGliSLNsZ6uguUFT9Sw.jpg,AF1QipM1i3MSJ0yhTT2hSftqHOFdl3W_wWqD5xJY0F34,2026-02-25,2,4,0.020874,0.001272,0.134278,52.02,moderate,maintain_current_care,Maintain current care and continue weekly monitoring.,ok,2026.748,104.68,0.218117
18T,18,Sunset's Red Horizon,2026-02-27,AF1QipNHxDXPshBC7-87uRtOOjldwWgD7sHwj3tsBqPl,https://lh3.googleusercontent.com/pw/AP1GczOq1BJ6lQdAbSQpuPbf4ivPcfIf-GTWNd5c9DMV911nRH1JWPrlTuiud9jyWB7ZbI9J6VuxrIgYaFW83PXs45jRU-fDpZi9mhYPYSNhxREab3MwwyZ5,local/non_tomato_species/images/44_AF1QipNHxDXPshBC7-87uRtOOjldwWgD7sHwj3tsBqPl.jpg,AF1QipP1dMtVzUEgy1xAa-BPODBu3C8Mv1MxdVczHmsv,2026-02-25,1,1,0.029695,0.074373,1.411423,61.72,moderate,maintain_current_care,Maintain current care and continue weekly monitoring.,ok,701.613,141.252,0.134799
19T,19,Waimea Wild Cherry,2026-02-27,AF1QipN8xGY0DJ1YO6FxU8cQUCA5Xj8-aAL5J6K0jNs3,https://lh3.googleusercontent.com/pw/AP1GczNBXWQ1-MDLDK8C-Wtlg5gFtLQ-KT5W9nBLdNMNGPMbT1j2ZDavogXzCd8QEvqQFgb1jrfIDM6tmkQlxr4UzBGjcaRkqG1ddHm1hNV1OFTqU6_3gio0,local/non_tomato_species/images/45_AF1QipN8xGY0DJ1YO6FxU8cQUCA5Xj8-aAL5J6K0jNs3.jpg,AF1QipNjCXO2DCyYSPo8z8XBD0Ec50YkcouPnONL4iMi,2026-02-25,2,3,0.022414,0.015569,-0.239484,44.6,low,inspect_root_moisture,Inspect root zone and moisture consistency; growth appears stalled since baseline.,ok,1938.337,121.641,0.209514
20T,20,Sasha Altai,2026-02-27,AF1QipMYQNQywKhbOyI2QHkZYogmbkuNr-LIeoWHrJiK,https://lh3.googleusercontent.com/pw/AP1GczPHQmto1Pb5BqOiU00D3JjWvwnjej0gVzNwSgNjMjrR1nu7Tl-Z4at27QQvoMwEvBKqxm6OqoPStrvzVgQ9ZN3CnrEPJwqhhidHFcbc0qQZAmfyjfT6,local/non_tomato_species/images/46_AF1QipMYQNQywKhbOyI2QHkZYogmbkuNr-LIeoWHrJiK.jpg,AF1QipOWtl-WwkecNu9F9l_igA2_xjUTX61phekqUISY,2026-02-25,4,4,0.093761,0.028738,3.301085,89.25,high,thin_seedlings,Thin to the strongest 1-2 seedlings in this pot to reduce competition.,ok,2384.207,124.142,0.216672
21T,21,Sasha Altai,2026-02-27,AF1QipMa0qMVkNBfCip-aaXnEkgaIrdRp7x04CMh_HI_,https://lh3.googleusercontent.com/pw/AP1GczOvy8pR0x7d7-3Dx4WREyaZ6mwWOu-NLFgTFSY4T0nahXYQ2BqI4J5f0S4R5nOAobHLWyHMc9JFmHrHW5ooGzv4VtTkwSMyHktgkBps5roQVpucOSjb,local/non_tomato_species/images/47_AF1QipMa0qMVkNBfCip-aaXnEkgaIrdRp7x04CMh_HI_.jpg,AF1QipNgy53gtDiRsdSvAMrdHdBvBkbmKmaU1vFW5Zwz,2026-02-25,3,4,0.06108,0.007262,1.417474,78.83,moderate,thin_seedlings,Thin to the strongest 1-2 seedlings in this pot to reduce competition.,ok,1735.33,121.589,0.193698
22T,22,Azoychka,2026-02-27,AF1QipNQus6o7w1H0bxgqTuVUHDttT63nQ0MI9HJ5nUt,https://lh3.googleusercontent.com/pw/AP1GczPx9lwmq25WBkX1MFWYcna9GewV_AOjVukUHiFklKbtbETJhPWTrh7Thh-ZwvgjpMPiCslJUZNBqOEAKECNa0mCbdAFIwTa3Y5y-RWAuDd533hVoehG,local/non_tomato_species/images/48_AF1QipNQus6o7w1H0bxgqTuVUHDttT63nQ0MI9HJ5nUt.jpg,AF1QipPAAscveydu_pS2BDKBY5GW6c2PcX28PTEVjWAg,2026-02-25,3,5,0.036757,0.031984,0.662511,65.04,moderate,maintain_current_care,Maintain current care and continue weekly monitoring.,ok,2375.786,122.125,0.224457
23T,23,Heinz 9129,2026-02-27,AF1QipM0yvLYq5gh5dD0jBeZ7QVjN21Ze4e4PZTa41m2,https://lh3.googleusercontent.com/pw/AP1GczM7PiSEtK6d9-UdjXGsEFFBXOH3kMR1qHZYJRMDjuLJMSKARljMCp8YcJIzhIZYj-0EVSPCoWFk27_9AuW6ECvQl6rI7J6_iNDywaYzl85svI4yOoTY,local/non_tomato_species/images/49_AF1QipM0yvLYq5gh5dD0jBeZ7QVjN21Ze4e4PZTa41m2.jpg,AF1QipOyJ1f5YmuDH5yEFsgS-jiPJZezlWGcMT5fMGtw,2026-02-25,2,2,0.065184,0.014455,1.275713,83.69,moderate,maintain_current_care,Maintain current care and continue weekly monitoring.,ok,2429.565,114.8,0.229569
24T,24,Gold Dust,2026-02-27,AF1QipN5DqCCkcW274dmS91S3YUqca660Mf_KV-k4Uuu,https://lh3.googleusercontent.com/pw/AP1GczNTaJ-tSOVSpMxV6P65xAe8SNcw1JT4LVKF7AbQmYguVqn5y4tNTeGGlGZ917AZmHE9RLyGM30bQ-iPamIuRI1uJk-1HHsRzm4Gt2QHbaAFTbnKpaCS,local/non_tomato_species/images/50_AF1QipN5DqCCkcW274dmS91S3YUqca660Mf_KV-k4Uuu.jpg,AF1QipNP68Vw7mvYGsv5QBHZUceKBkEDLjdMJrAvrxd7,2026-02-25,2,2,0.051032,0.004954,0.522524,73.19,moderate,maintain_current_care,Maintain current care and continue weekly monitoring.,ok,1535.874,126.679,0.171611
25T,25,Heinz 9129,2026-02-27,AF1QipNODrVzJesRuXtXzBS4-drd3kbt24GJVefWTk2i,https://lh3.googleusercontent.com/pw/AP1GczNTS-bUm9nm0Hw0P5NlbEtHRYWEPNgF95SkbDkJ1J4tx57nYWzNMiMd9U-FU00TDrliiQCdVRLdDbFTDPw7jg1sO7q5ddLFvKmMSw5TvLMGoJFvCmaW,local/non_tomato_species/images/51_AF1QipNODrVzJesRuXtXzBS4-drd3kbt24GJVefWTk2i.jpg,AF1QipMsgTsMPe0GgrGEOMSzeDEb5I0btOG77tyXcHuV,2026-02-25,3,3,0.043097,0.013824,-0.244271,50.56,moderate,inspect_root_moisture,Inspect root zone and moisture consistency; growth appears stalled since baseline.,ok,2201.522,102.964,0.237423
26T,26,Heinz 9129,2026-02-27,AF1QipNdeVT-5e36OTyiL2lMm7CBCmO9kGQLrkK_u0RW,https://lh3.googleusercontent.com/pw/AP1GczMX3e8-MVjyk91zng4gVqOtNGy-8qhIkH1rZfC458Xjs_iyCMGlfq7DAuBtc2wY2jSKMU7Xy3vKpErkvOZsMVl1uXZnYVGg2in9HghU9mZk4oJzYYnw,local/non_tomato_species/images/52_AF1QipNdeVT-5e36OTyiL2lMm7CBCmO9kGQLrkK_u0RW.jpg,AF1QipMEl7diDesLyGqrp1qoRqwhHn3qWfQf49Qfnky2,2026-02-25,3,3,0.052409,0.005969,2.283318,74.99,moderate,maintain_current_care,Maintain current care and continue weekly monitoring.,ok,2601.879,121.551,0.243462
27T,27,Taxi,2026-02-27,AF1QipPWgrm0c2e2ueay8ltxkNXZmYWr_MEy6B3wWNyW,https://lh3.googleusercontent.com/pw/AP1GczOfHQxNmKBdk7ZFHkOMlEGi496BC8jUarmCshEU_3KpOsrrXE-9o8SRQ6sT3ELgs0iMEmo1sHa3-SysAn8stONXBx6SopZhBF9isZhNVDX3Mmu4j0Ba,local/non_tomato_species/images/53_AF1QipPWgrm0c2e2ueay8ltxkNXZmYWr_MEy6B3wWNyW.jpg,,,2,2,0.019456,0.002382,,54.65,moderate,increase_light,Increase direct morning light exposure and monitor soil moisture daily.,ok,1434.569,115.208,0.19134
28T,28,Nikolayev Yellow Cherry,2026-02-27,AF1QipNNWpiy8RVHX96LLFVf8jWo7bcfr96LcWxlhLoN,https://lh3.googleusercontent.com/pw/AP1GczMSHh1oMxqHzVlUN07FbSMcpjsWqxVjuCodRU71YxaUrEs5UrDGo2dqrhFj5j5EjXdurSa20rzTatYyg4LTpFXkP0db93AMiaJTB4eOBPcRj9Xu3HCF,local/non_tomato_species/images/54_AF1QipNNWpiy8RVHX96LLFVf8jWo7bcfr96LcWxlhLoN.jpg,,,0,0,0.0,0.392157,,21.9,low,check_nutrients,Check nitrogen/magnesium availability and apply half-strength balanced feed.,low_signal,1812.324,117.705,0.204456
29T,29,Sunset's Red Horizon,2026-02-27,AF1QipPl7rTGp9wwRZiLbaU7kO7c2HuMQ9t4Tpi1hSgo,https://lh3.googleusercontent.com/pw/AP1GczMRYWGmryb52EBT1UAO8SZEjuVm-NlKe9r2OGoYj-TJXC1BeFniWJ5jHv5YaJrAs8egHVSkqZE4cyoOpxlBgPu2VgAb_3nCNLkQVcaR4D9Kk7Ahiru8,local/non_tomato_species/images/55_AF1QipPl7rTGp9wwRZiLbaU7kO7c2HuMQ9t4Tpi1hSgo.jpg,,,3,6,0.03189,0.06786,,54.0,moderate,maintain_current_care,Maintain current care and continue weekly monitoring.,ok,1963.077,107.138,0.204946
30T,30,Sunset's Red Horizon,2026-02-27,AF1QipN537ybNXCCXSFj6NaQyygBKMS8sEZRVnfUYAhQ,https://lh3.googleusercontent.com/pw/AP1GczPwLEoLlIsnSbPckw0lN7WT-HCyeEyamNGNItnqKWZ9YIMC4fTg2RJWP15GoFjsnbdCgUaG-ui9GTOe1voY6afF9YQiTYdTu29eh1_1lAyIltESJrHA,local/non_tomato_species/images/56_AF1QipN537ybNXCCXSFj6NaQyygBKMS8sEZRVnfUYAhQ.jpg,,,3,3,0.037357,0.011786,,58.95,moderate,maintain_current_care,Maintain current care and continue weekly monitoring.,ok,2422.721,113.77,0.193385
31T,31,Iles Yellow Latvian,2026-02-27,AF1QipPgDMe3CWYmipAB-no13igQfPJRtD0OwTtO982r,https://lh3.googleusercontent.com/pw/AP1GczPL_UlZIqmWCRXreoAvF62QWFTXrEBM-geNIgKs8LVYUcgqv_Gr02OP1HkCNMEaq23UW49ymVsbqUYKYnFH5gxoHLFfXlLMDKVkfguUZPgaasi00r5_,local/non_tomato_species/images/57_AF1QipPgDMe3CWYmipAB-no13igQfPJRtD0OwTtO982r.jpg,,,4,4,0.070815,0.01736,,70.43,moderate,thin_seedlings,Thin to the strongest 1-2 seedlings in this pot to reduce competition.,ok,2083.767,116.931,0.213672
32T,32,Sunset's Red Horizon,2026-02-27,AF1QipPW_xrbboWWeCEJUDigNayqwBG7NHzHDD0oShYP,https://lh3.googleusercontent.com/pw/AP1GczMNSZHB4XRKLIzpLkXPYvWTjxdEHrXGHtfXDF0FMlGk1r56HuODaGe-oHpag-RbVhZGnBwOBOtKzDaw2gErXucV4qry4xhDqnUk9I1dpfoNpKGdgOWB,local/non_tomato_species/images/58_AF1QipPW_xrbboWWeCEJUDigNayqwBG7NHzHDD0oShYP.jpg,,,3,3,0.032149,0.002506,,57.02,moderate,maintain_current_care,Maintain current care and continue weekly monitoring.,ok,1954.013,125.478,0.191394
